Stkcd,alpha,MKT,SMB,HML
000012,2.43047344348254e-18,1.45993363359879,0.765345340987807,0.527474465570807
000022,1.4812366551894e-18,1.62088068061962,-0.0456610229679259,-0.438793749184609
000026,5.93323642883615e-18,1.02633664270611,0.432965380855231,-1.04563724832137
000027,1.05342829459499e-18,1.00148802659105,0.395876611368921,0.139444338875026
000028,4.67199016595658e-19,0.652406189647601,-0.841352358194692,-1.04693263625411
000030,1.81786200728861e-18,1.19358385027134,0.0113658676660541,-0.332520665981784
000046,4.65784673920125e-19,0.923961001030727,-0.0285680005725853,-0.0568042584442399
000049,1.70712152063272e-19,1.11893952272263,-0.582307763684458,-1.44124968985974
000055,2.10689020705234e-18,0.990606834657663,0.36717983401246,-0.442607577201821
000059,-4.69967632692896e-19,1.39886956633162,0.736547705390622,0.612001485693287
000070,3.3904223266134e-18,1.04417894364278,0.0514044430858498,-0.869247374059654
000089,1.9142012892193e-19,1.0016060168377,-0.0983644276418581,-0.0739693522344017
000151,4.05568608532086e-18,0.975181957304723,1.46864030918073,0.417814751903604
000156,1.26884383921327e-18,0.957483608604195,0.0545932221924312,-0.629732408506551
000333,9.92281080547882e-20,1.28413016478727,-1.39616169267757,-0.79007378264256
000338,1.41589345566199e-18,1.47926752625298,-0.119695095205538,0.257621198827218
000400,1.04199187233987e-19,1.12912310219964,0.426503791088443,-0.10243485402248
000417,1.02339929699993e-18,1.1817495373213,0.303994208281375,-0.0662309797976277
000418,-5.77919134153542e-19,0.849160812088725,-1.10146402099669,-0.726362510477718
000421,6.53839305639693e-19,1.0521746129862,0.418224941221874,-0.470453461077927
000423,1.32532154106585e-18,1.08798617256098,-1.67451646325255,-1.56225068373078
000498,9.73748710150527e-19,1.54788277339732,0.487996727194729,0.71076835854652
000521,-7.42496823935919e-19,1.46232801039723,-0.196197266582239,-0.705011428077896
000530,5.8940657851239e-19,0.718776634003297,1.0786304858514,0.306988089033132
000532,-1.55161015158149e-19,1.11116484909253,0.99830742588004,-0.253910468983445
000545,1.06832702841648e-18,1.12808448133234,0.566829655847505,-0.503380092297221
000546,-1.91249370192945e-18,1.52012046152987,0.381248998261998,-0.0431347650267221
000550,1.86078024607178e-18,1.0660175970676,0.0422925225172592,0.0895415314239892
000554,1.73035445625551e-18,1.00143709016702,1.51408326016691,0.522132149291377
000568,-2.88649245000449e-18,1.32569585741264,-1.7785223037296,-1.73225119075366
000570,5.106982744077e-19,1.14135559377255,0.802481568221786,0.240220013819741
000581,1.42812596405371e-18,1.28388719331508,-0.384630354258968,-0.51723065842328
000587,9.30016018630675e-19,1.04817208737681,-0.238347357969973,-0.603019887314932
000590,1.0798103932548e-18,0.826396684536633,0.216283092728299,-0.243571891268346
000591,-1.45403875396897e-18,0.821778287734474,0.935539790227521,0.0426630649472815
000593,9.29839762541327e-19,0.709082658486089,1.06080653312207,-0.567602274990987
000599,2.60426492317133e-18,1.35092830678547,1.22853614335231,0.840518687400597
000601,9.42341352422649e-19,1.02489654887005,0.351551122431839,-0.0803344996762879
000603,1.10833268452025e-18,1.40876914720915,0.71988706394571,0.0366175726397974
000607,-1.05898250115403e-18,0.645524289839128,0.734438572253582,0.0956299847502002
000620,-1.85806457257781e-19,0.895504336011933,0.356381990472778,-0.19382471875291
000625,2.01606010495753e-19,1.27862948922585,-0.942901584683794,-0.428595135876624
000627,2.8873191630582e-18,1.67332387108151,-1.12816271401623,-0.27627984417674
000632,2.13461554864898e-19,0.963431855843819,1.0423319146568,-0.0574492038826402
000636,2.21361265833337e-18,1.21438943475833,1.04854378382984,0.0535337145120864
000650,2.73198520998186e-19,0.899006252761054,-0.012786295902826,-0.57084699055849
000661,-1.89108456502917e-19,0.514861667632067,-0.643994176762512,-1.18348635970501
000665,1.08521922722134e-18,0.903362310480328,0.642867272853648,0.016968489855276
000681,1.12962694941047e-18,0.854254485286102,-0.276575246876524,-1.71857979565933
000686,-5.71299969326882e-19,1.70667003137412,-0.0441413079240116,0.216247411532598
000698,9.50165689035442e-19,1.41444873165584,0.734232212926624,0.24478754685515
000703,7.19948494851104e-19,0.935578077165512,0.490473836066024,0.850524075931925
000708,1.10863802964162e-18,1.20684269767856,0.900462207069401,0.661143165516094
000726,6.49732634436974e-19,0.823699125066928,0.323404365857747,0.00648657609374718
000729,7.10895467968926e-19,0.903375135050779,-0.214254141184776,-0.60088898308265
000731,-5.58663675236215e-19,1.31285225647126,1.29927827194174,0.182310019362541
000738,8.41930410159854e-19,0.915396853648331,0.430531960502645,-0.736819679547167
000739,4.70187998021162e-19,0.966170333203227,-0.268147875679558,-0.764446973112968
000751,-3.49857927226676e-18,1.56302127913933,0.440807920579616,0.251797056148556
000752,3.6323724469161e-18,1.07528225367147,0.713473224583285,-0.44029886152004
000758,9.2783367970594e-19,1.81047057756183,0.646912611158187,0.560612736299006
000783,-2.90686676255726e-19,1.70677884702992,0.000889091398878396,0.458936044548943
000796,9.08313887754442e-19,1.00246507039804,0.126823023159184,-1.05957996251702
000802,6.00295683702131e-21,1.19551120988794,0.500111492241207,0.0542999303237576
000811,2.69330736602452e-18,1.3729884778681,0.636367378848805,-0.180229365052703
000826,6.18493095941506e-20,1.07014560907415,0.0930170082294613,0.0431428182555603
000828,1.68015709388512e-18,1.06222500665011,0.90034795357449,0.824465514615862
000830,-1.55317842567082e-18,1.00871159081524,0.387979346769165,-0.0752849580411812
000839,1.08509272730484e-18,1.31374628860602,0.477420907324378,-0.690621079611158
000858,-2.44002603009435e-18,1.44829173138635,-1.71443080148407,-1.29440543275795
000861,1.67604977157278e-18,0.980041715310045,0.202894525588992,-0.442310082100701
000869,3.03189800318202e-20,1.22330996149937,-1.11663185120091,-1.51571629629901
000880,8.29220137905044e-19,1.42950508192479,0.955159143865107,0.277867552211214
000888,-2.05787270030847e-19,0.747373943182158,0.219120566982949,-0.560610170908065
000895,9.78937853478452e-19,0.771031464889441,-0.951373614539609,-0.749699244055624
000900,4.06638708985254e-19,1.04249011297913,0.226416640821547,0.26215921184399
000906,-7.87401541384481e-19,1.01724680713243,0.695345869545888,-0.824021331535663
000908,4.69919619726109e-19,0.847865377805427,0.350645598268975,-0.62337777591465
000910,-1.27797822421144e-18,0.764329048894549,-0.285373326387939,-0.580438913616537
000915,-1.08444754728644e-18,0.88547243301613,-0.200510473820001,-1.14750680918584
000919,8.60545905674613e-19,0.658110711808774,0.198358123435641,-0.554388931930403
000920,6.30392072310026e-19,1.25822186274153,0.549712232062111,-0.480631084168992
000928,-2.54028309164707e-19,1.6965710235417,1.42283984971634,0.734585649545318
000939,6.34206163375022e-19,0.547926472380382,0.567262276209816,-0.119049154036858
000949,5.48827209119506e-19,1.02244296342405,0.964951956556523,0.415434537362118
000952,1.41881451670506e-18,0.909591368457727,0.427270322587704,-0.80857999024924
000963,-1.52759422090662e-19,0.673809038650613,-0.973113615977492,-1.23655879449408
000969,-3.99022287749502e-19,1.66720824491697,0.335067136195543,-0.278583290167892
000970,-1.86407745387701e-19,1.55143408944254,0.223803647756588,-0.750715744832612
000989,-2.87377103554445e-20,0.97358609496751,-0.283942819931675,-0.890747392319364
000993,3.42839361270818e-18,1.00216125327884,1.91489247059229,0.705750770239007
000998,1.07473329566637e-19,0.486181997325044,0.123676348075991,-0.0507124732642625
000999,1.04980656414584e-18,0.987874498557181,-0.844950429562322,-0.777410301345661
001979,2.39607521150782e-18,1.45627452535953,-0.146031399939919,0.306460473732814
002002,-2.53881105768674e-19,1.20772136960096,0.485356604052619,0.0709459674153279
002003,-1.40481140539599e-19,0.703039957461818,-0.0541175558196772,-0.304449967160594
002007,-6.14748183139465e-19,0.73211968113045,-0.334334704314349,-0.863314659995386
002008,1.63962399735524e-18,0.977740665086852,-0.650342021042908,-1.17927702835389
002011,3.62864113557417e-19,1.41154392687952,1.05591375947684,0.420267566482844
002014,1.52697406889659e-18,0.860647304848506,0.665629681289498,-0.11434234178876
002016,8.25362550969457e-19,1.08598378269749,0.741713343380609,-0.368683063589907
002017,3.90099063790922e-18,1.02386300753013,0.184856034420829,-1.35314003949177
002019,1.5180674732491e-18,1.44493509062218,-0.975909798530957,-1.41606099537507
002020,5.17092876137663e-19,0.925823988679213,-0.128904786829434,-0.665358974977344
002021,-9.67848852897678e-22,0.334688101850197,0.523131357921236,-0.439260382275056
002023,-5.00646634655295e-19,1.04255286146004,0.630669881481871,-0.811443443847363
002029,-2.5056702708664e-18,1.01612434364644,0.38813536346531,-0.0715864591236303
002031,1.171126417825e-18,0.957532553166465,0.523141515845612,-0.0355274567601945
002032,5.31881112978199e-20,0.679435674665477,-1.51121746756578,-1.54331238459234
002033,-3.65897838331479e-19,0.913715353261145,0.236943177198811,-0.378548910035724
002037,-1.21058581182344e-19,1.39217240894882,0.53905742521623,-0.163925297491022
002038,-6.1517624603376e-19,1.0792601113693,-0.270340479827159,-0.526247052849994
002039,1.1512578240562e-18,0.798522853882908,-0.0965255567200673,-0.106884534226777
002041,3.83253204329179e-18,0.754555747491323,0.700511491707985,0.189949138443501
002042,2.89282369275833e-20,0.840082563149422,0.38953336103856,-0.516844012189315
002043,6.66346756382749e-19,1.32337815437819,-0.397689182654185,-0.593529931959291
002065,-2.85995658816905e-19,0.81529702341758,0.343209260396499,-0.386827638421735
002077,-1.79198622401097e-18,0.720641673866102,0.198584997804077,-1.76845126456179
002079,1.5528742485545e-18,1.3167156277157,0.550468404749419,-0.665794630066269
002080,6.16738541784573e-19,1.24929486886334,0.241657018808845,-0.167660668130843
002083,-4.59567774428456e-19,0.901304818039598,0.540207820930613,0.212732119546088
002084,3.60280153951391e-18,1.09664229498317,1.32153026720599,0.0820867246100203
002085,-5.58580360591021e-19,0.573267974684565,-1.12445682228933,-1.5518568348596
002087,1.09911969292999e-18,1.12653264307265,0.427759530894172,-0.109777030324542
002088,4.74905734690655e-18,1.28624519990138,0.911162406403404,0.121455020134857
002090,4.4206132530422e-19,0.788295447211464,0.539929035009014,-0.616980802030997
002093,3.5249439979005e-19,0.853107650009166,0.706768818652603,-0.262349849493693
002095,-1.18453403491734e-18,1.12122765558008,-0.355862764768594,-1.83901428686509
002096,-1.14549191575973e-18,0.927347075811289,0.826868555573471,-0.718122238555549
002097,2.38296059786684e-18,1.19028255372909,0.603740424833285,-0.241250890234825
002103,8.28653689256671e-19,0.541775473095233,0.290840007501076,-0.907122024784664
002105,-1.101620127325e-18,0.897520795309975,1.50588901309661,-0.479514750409049
002106,4.23341995176512e-18,1.30656714971398,0.506529107220382,-0.616741103017902
002107,6.73287889160414e-19,0.505334540681825,1.01874243750311,-0.216315825454793
002108,-2.90688508895436e-18,1.39924774012995,0.294931845085236,-1.01598361486607
002111,-1.60508282090362e-19,1.05650169983504,0.797687368344013,-0.498686316202537
002112,1.06633354301285e-18,0.905245365226331,0.783975091179125,-0.224960704121576
002114,-1.1825279517891e-18,1.3730423838419,0.507340874309095,-0.0760517960809889
002116,-3.47105809417703e-19,0.933778817090677,0.542961418490002,-0.295138970028308
002117,9.4813813234675e-19,0.249067193646141,0.763601378305864,-0.384995989679415
002118,-2.05650435817748e-18,1.16318842327634,0.00464407273786285,-0.668611950918699
002119,-7.78943181379356e-19,0.732754919527886,0.230239764597882,-0.818384873886223
002124,4.43744213988588e-19,0.727434172288044,1.2073873338602,0.193191990415756
002125,3.86701689824253e-18,1.43397993728416,0.852702928714319,-0.276708858855743
002126,1.05947933569378e-18,1.03678004974478,0.655972850914724,0.0477380293494588
002131,2.82654953819513e-19,0.652192485824773,0.976019509431655,-0.289588569869879
002133,-9.26059841498624e-21,1.11863660960147,0.701048349466292,-0.0364001296721729
002136,-1.80460186909422e-18,1.08563010350594,1.37529023698791,0.109794221117622
002137,7.02464833499338e-19,1.06533835898182,1.19775789245323,-0.59076654041087
002138,1.74877586489955e-18,0.968372431434485,-0.348410402191211,-1.05768018206181
002139,-1.20001103826602e-19,1.22689306915505,0.338882115511785,-0.832405503364943
002140,5.37718320022425e-19,1.32180006602696,1.03041420393466,0.533069770745936
002142,-1.2145724539074e-18,1.42995852021404,-0.729465247817875,0.794583098997248
002144,5.84202533901375e-19,0.914554674238954,1.23447485120402,0.0286198367505092
002145,4.23170913822587e-19,0.841043652105782,0.594220849687693,-0.0426746351115865
002146,1.23510791196446e-18,1.19785314687687,1.04452069445819,1.26463059560975
002148,7.02559587843452e-19,1.40120972443149,0.466455836371432,-1.37538053773258
002150,1.87733348315688e-19,0.684027026563515,1.36623342323099,-0.429712768398531
002152,8.88626934419029e-19,1.00427049664365,-0.161590043538493,-1.09855548147141
002153,-2.09772187979564e-19,0.706541114230955,-0.31938628131629,-0.929335958972229
002163,-2.47979423914337e-18,1.04422408101659,0.832378986723051,-0.437627625499398
002166,-2.56560529497097e-18,0.992714767064793,0.491942599237347,-0.334155044579058
002169,9.57601407796871e-19,1.01465111748001,0.773226688981421,-1.11070915531573
002170,-3.32903215110354e-19,0.890400419482906,0.270375525432793,-0.427639467553297
002171,3.20713785844109e-19,1.20501912398553,0.537178402520013,-0.12301242013174
002172,3.41755358096748e-18,0.891441975017434,0.404315075925039,-0.611102342800277
002174,6.60222022746906e-19,0.790627862943508,0.688217946470797,-0.624919038829631
002177,4.15258150318604e-19,1.17051995748599,0.415605047728592,-0.90937409278326
002179,4.99310782395525e-19,0.992828189839214,-0.0540403135632158,-0.259226398228987
002181,9.2685660426919e-19,0.694278788111886,0.662503465214363,-0.679930588144843
002182,8.66277067587764e-19,1.29791492733894,0.469958015016297,-0.368115727548867
002186,8.39476307695957e-19,0.933470719318463,0.640056056054584,0.125755426580858
002188,2.91659342712753e-19,0.301060809701106,0.151352027858066,-0.542058431572426
002189,-2.66406958311147e-19,1.08713371921962,0.66336694454119,-1.04047719998746
002190,4.61265624572084e-19,0.958602784497667,0.516385254315044,-0.638148115871271
002191,2.59232135411971e-18,0.698818926731343,0.170830833998999,-0.439847404682783
002194,1.30966966608478e-18,1.20806121643582,0.0318011376941372,-1.23926845024771
002195,-1.08148432973085e-18,1.07555992416894,-0.325907753700381,-1.90314174594894
002200,-7.18007588298661e-20,0.922355717826397,0.822749972902898,-0.0200618143232197
002201,-4.6327983197209e-19,1.25374285232538,0.823547890619777,-0.750775278936913
002202,3.498113103512e-19,1.19322473620122,0.215961212986082,0.623893357017639
002204,1.01134751574272e-18,1.25451425136182,0.215583713943474,-0.121620817084589
002205,2.72655096695396e-19,0.984795035078453,2.5137432587038,1.04851834519153
002208,3.46459030986144e-19,1.1854510713342,0.654637349538026,-0.227755078542151
002209,-3.75818706294951e-21,0.506280447609733,1.10362918135031,-0.695612204102862
002210,5.67511762291983e-19,0.499500504029199,-0.0373922740919237,-0.995266838943689
002213,9.42934103397438e-19,0.586862807327908,0.517923255881629,-0.0584302728948216
002214,-1.33035166569607e-19,0.969313578173773,0.820170304150849,-0.651967157024558
002215,-3.08139808811794e-20,0.689071261657445,1.15691181630893,0.218918077685641
002216,-1.44418282225168e-18,0.811255238705715,0.365588806827365,0.612695565420632
002217,5.86955943904097e-19,0.580143944724447,0.370952692900172,-1.05587933425079
002218,1.48402572945196e-18,1.14443141005872,0.749229841100176,0.0964512077767967
002221,-5.96501034199215e-19,1.14476637299376,0.435131857266475,0.16580982993976
002225,4.78123531779578e-18,0.868036046627629,0.699452483768104,-0.245506655791585
002227,2.1078709600495e-18,1.12261279882405,0.588066417996206,-0.156578543521552
002228,8.51866227760723e-19,0.744962617272529,0.582084179446928,-0.333271528734884
002229,-2.36157983707162e-19,1.0274793838012,0.799559472344115,-0.724367168127483
002230,-6.45544867188199e-19,1.39287741228443,-0.455814075252093,-1.16915859113833
002232,1.02578399274722e-18,1.28406335590391,-0.000192562536003496,-1.11175154361366
002233,-8.70512121097622e-19,1.76447203912968,1.35429579233195,0.777878932069307
002234,-6.36562802979386e-19,1.44530860794337,0.371995692622897,-0.578737692009338
002235,1.04664119405338e-18,1.53120394257811,0.522610386065581,-0.793270826629138
002236,1.69213350106133e-18,1.36069877248004,-2.1455088915942,-1.95819524984327
002241,3.02342360209239e-18,1.12499048342775,-1.23955224446874,-1.85115829073304
002243,-9.54986442075181e-19,1.02702658473366,1.5938591481275,0.0712132285808664
002244,1.13261831762578e-18,0.674311643884787,0.226893471933031,0.111891446759722
002247,3.90530581553498e-19,0.67221947402249,0.493226455055482,-0.398741570242141
002249,6.06178911882139e-19,1.06746890871722,0.287256436528061,-0.527661262093332
002250,1.73161503553279e-18,0.68507346696227,0.0929346475721715,-0.0164142520610309
002254,2.09647235423753e-18,0.60046171310437,-0.342874333981392,-0.781006025247104
002258,1.88306984605128e-18,1.0907628039944,0.602015892314508,0.0906369608066225
002261,9.19506850233937e-19,0.750069935368335,0.00101334749284978,-1.1712339778437
002262,3.90500022870311e-19,0.669921621495516,-0.45821034331923,-0.622255501338633
002268,1.140206865122e-18,0.865193615744926,0.717444106126483,-0.419867260087184
002269,1.77935896851416e-18,1.01842100445083,0.887752886776031,-0.0144632458116392
002271,-3.26671638385908e-19,1.23337586466819,-0.851637287152707,-0.491540985406145
002273,-9.08999636678161e-19,1.12595367977326,-0.0574572901733348,-1.5140331476045
002275,-1.45209139719053e-18,0.979024835468938,-0.281809371818868,-0.800088670536133
002276,2.68194040701844e-19,1.1646742897561,0.016060632044854,-1.35275986330551
002277,2.38448772279808e-18,1.3285707757023,0.598769659365617,-0.369915856206837
002284,-3.59854955329987e-18,1.08009092170135,0.565618134604338,-0.777543836729651
002285,6.32852504397337e-19,1.1762206333622,-0.0437131646749081,-0.285677568396086
002287,2.2671892454133e-18,1.04548677907792,1.46185827924898,0.788047807676288
002292,-1.25995468085628e-18,0.998853548482139,0.393492333307241,-1.23828831435822
002293,-1.35932150775521e-18,0.774585448553261,0.329800106229565,-0.24074196781801
002294,-2.99992759999554e-19,0.600073040354238,-0.834242654528297,-1.08526517769623
002296,2.11258434193699e-18,1.08520541757251,0.58638701125002,-0.86836505376332
002298,1.44353135673949e-18,1.2067346116624,0.263844873905746,-0.762432275632635
002302,-1.68414221045451e-18,0.58065183138558,1.81598791686249,0.525537987598764
002305,1.99723041266418e-19,0.959895177763235,0.140677651200043,-0.358378202354405
002307,6.82593090914804e-19,1.36515397146745,1.76116613338117,1.1482445358941
002308,-1.05217380410264e-18,1.09620518053008,-0.0801959475382067,-0.645334164705901
002309,1.94829537165553e-18,0.741517059472618,-0.0536431773482436,-0.532901076223225
002311,4.97334085777776e-19,0.98152424920665,-0.746295134666649,-0.431920880723075
002317,-1.61883568488184e-18,1.11237334720803,-0.0799714294465105,-0.67085018076965
002319,-6.23036930448583e-18,1.06770445027018,0.0213276364466427,-0.682584460581194
002321,4.535878382606e-19,0.989238034911793,-0.184515431090645,-0.585158562042649
002322,9.25607604032702e-19,0.994761325000087,0.475952387266351,-0.584774611101061
002324,4.05614968131707e-19,0.614541652695299,0.285013884120176,-0.280289426579862
002326,4.16874530737999e-19,1.09149112808832,0.574768465114532,-0.274017177959225
002327,2.14871263775032e-19,0.826722638615036,0.403461208549104,-0.223993207555716
002328,-1.18661645610608e-18,1.19879190423777,0.876213422879492,-0.426449881846971
002329,1.48718700298119e-18,1.30004819286396,0.650187425170569,-0.78064146660558
002334,1.11591746626794e-18,0.785547166254155,0.237870398578698,-0.854351224448601
002337,9.14346257275995e-19,1.03086537713369,0.909482263566772,-0.0813614710647168
002341,1.46689895170627e-19,1.07989042059614,-0.0696512943121423,-0.856960625119408
002343,-5.94267206697059e-19,0.712721989552272,-0.0725218985379585,-0.980285494041268
002345,6.69852488239293e-19,0.715163740246238,0.330305705451598,0.0117419707922983
002349,1.27532335815269e-18,1.08983725551536,0.685289886107266,-0.745680288494271
002351,-1.45656942671056e-18,1.48403209642109,1.28837085352688,-0.20310351526395
002360,3.21997646940977e-19,1.00217052626506,1.22229465710211,-0.0825699384567282
002361,6.59515481960946e-19,1.31707437647435,0.799923384074158,-0.415814701723436
002362,-1.17638819059602e-18,1.3674345214911,0.37028534707881,-1.44520099539199
002363,-7.67181683039185e-19,0.974954331942958,0.271919027475593,-1.10126363085412
002364,5.4337321559799e-19,0.706175851899619,0.536016926020603,-0.796816891950133
002365,-6.22555975152596e-19,0.938964106225651,0.329060539095042,-1.07643017699039
002367,3.81174091925415e-19,0.61557908150445,0.294916584632636,-0.304921657478048
002369,-2.23401477600933e-18,1.18730285522906,0.766825209044551,-0.486522316231966
002370,2.68500069655861e-18,0.444217118703941,-0.0171446764372698,-0.591215743930044
002371,2.06604210859666e-18,1.54390087285765,-0.00383762978621648,-1.74686782019282
002372,-2.44840431023946e-19,0.926388792500857,-0.0104545421620707,-0.349523530969736
002378,8.40333689847209e-19,1.44103215181203,0.584878848926734,-0.322979551192824
002380,-2.0709824094141e-18,1.00901232946003,1.22197029252096,0.274627540972333
002384,-5.71520077296553e-19,0.864889786416946,-0.0222619450742788,-1.22649107443671
002385,7.60521948903683e-19,0.793913576850485,0.149433686427381,-0.161967652272634
002391,-1.05773612129186e-18,0.789666446903938,1.35617610222738,0.933511247386701
002393,6.12797062870029e-19,0.803532993118892,1.3289864606011,0.0669319311862851
002394,2.27637138237318e-19,1.14525095080299,0.0889637788853875,-0.404852851431466
002395,-2.37396183467161e-18,1.09944962474587,1.4370333063055,0.0832770464596004
002401,1.60081297934692e-18,1.16242304510406,0.743797247275095,-0.759644304656723
002410,6.3455856567414e-19,1.04976087607293,-0.37730031215297,-0.964727018544018
002412,4.96020137679331e-19,0.726933009199633,0.531210677187409,-0.205527313960695
002413,1.42051637760898e-19,0.732690332482929,0.247379748091382,-1.27272926176055
002414,8.98226716388588e-19,1.07671604357537,0.197114803664834,-1.14046443469107
002415,2.8548491695881e-19,1.01775891403697,-2.1863667416399,-2.11138848385336
002416,1.7483375519337e-18,1.32992261644116,0.552056001893252,-1.00791593419566
002419,-1.3043708432951e-19,1.04766021033184,0.683466386615026,-0.379751072232827
002420,1.00766003919399e-18,0.891339205340459,0.785261852034875,-0.241503023109312
002421,2.44753341781131e-18,0.882784228313295,0.339231941801225,-0.451009593748198
002422,5.49296510472607e-19,0.782101013677935,-0.0829559865751872,-0.326727206482581
002424,-2.45240403067299e-19,0.981788928513833,-0.858392869128194,-1.69284988037476
002425,4.9593377951003e-19,0.648136840635463,0.820277058044952,-0.717920355612652
002428,1.44658278816299e-18,1.49947518987833,0.787217145308933,0.0649013744235292
002429,1.17736580884369e-18,0.834487626365503,0.376820984499663,-0.16144557593783
002430,1.41628061364353e-19,1.03124315949254,0.0313257023508931,-0.801872713848252
002431,-5.85599681354713e-19,1.07092397763225,1.23717086860909,-0.00350071875686707
002432,6.36349184165165e-19,0.929647021714114,0.766885449670796,-0.723881141095026
002433,1.41262132584149e-19,1.04716776641889,0.320821976393007,-0.388348790322607
002434,1.06897484771046e-18,0.53424876130145,0.222851040112243,-0.512271714065525
002435,-2.77969839376996e-19,0.911035676780338,1.02869212279209,-0.0872979948130735
002436,4.46651994989534e-19,1.29896786109337,0.456722904619056,-0.486944147229196
002441,1.05180174274647e-18,0.920086045059404,0.552327386954832,-0.432595138656819
002444,-6.22103822892926e-19,1.02164707745192,-0.166430734299826,-0.956929336754416
002446,8.53856992268989e-20,1.1736925064491,-0.0853722879666246,-0.927870533830662
002448,2.24561062221368e-19,1.13472490788043,0.358577791211897,-0.677444473437856
002449,-4.11014724691477e-18,1.40366546131832,0.34810685094639,-0.214388951896614
002452,6.42636224317684e-19,0.804763096923167,0.608606531898909,-0.699047389191804
002453,-6.43094664721849e-19,1.04143931400266,0.345366463663666,-0.497311992894305
002454,-2.10017677906415e-18,0.826714478959165,0.470610186798147,-0.429320585425633
002455,3.4406690375845e-18,1.10899043871003,0.507405189135955,0.0556722392614326
002457,1.34507761448774e-18,0.855528421059107,2.00026870255361,0.80878641425496
002461,5.55612106061177e-19,1.18273070318236,0.425704623792774,-0.499956394059722
002463,3.26977527401314e-19,1.03820140777879,0.2056730849548,-0.33640511341035
002466,-3.98101975437084e-18,1.66367096323318,-0.715010179894284,-1.20278446256119
002467,-1.08035232283342e-19,1.02244486736995,0.197679914269304,-1.72311864647991
002469,-4.96102131000007e-19,1.00810686758526,1.30985151075081,0.665394515113155
002470,1.35426320912776e-18,0.945927908959282,-0.203491522466988,-0.203045243326382
002472,-7.92194698062548e-19,1.0483776224422,0.867713875240999,0.127341504854914
002474,-7.48183018851273e-19,1.55914618987195,0.112463184261482,-1.51112920255099
002476,1.28062723043523e-18,1.42895458223453,0.887861902039235,-0.551080745228788
002477,2.80789599873223e-18,1.06335158170492,1.11175798350811,0.569078902734078
002480,2.15744612734268e-18,0.916223796344056,0.335946257879641,-0.454805718649622
002481,3.19605767512084e-19,0.897651526073048,1.12714008207291,1.01435772845639
002483,-1.11703623651825e-18,1.14687564352085,0.417990632637363,-0.790084965631156
002484,1.34206970446299e-19,0.920562977486682,0.725212548503595,0.0238014319398314
002487,-4.58483865710611e-19,1.00684110260429,0.714271365571842,-0.498008088663316
002488,1.76205159383182e-19,0.892707022560699,0.391146245734018,-0.779475112825927
002493,1.30888531787172e-18,0.901375809601792,0.388290842124544,0.385874194557772
002494,4.90446627167565e-19,0.87316005092993,2.08398449990473,1.10184963073146
002495,-5.91560304540709e-19,0.865717946647207,0.942152886246566,0.242541384579465
002496,-1.94416370164466e-19,1.00775677203077,0.492656871699293,-0.0716431117991492
002497,-1.06694789643147e-18,1.3651020440719,0.584287261834896,-0.449185551183698
002500,-6.65024414633946e-19,1.79209401933361,0.18599851476023,0.142021492198685
002501,1.50308807432669e-18,1.23260172637613,0.160200312702649,-0.197404556122262
002503,7.45110364459111e-19,0.618340006012434,0.696723875245096,0.163420302943748
002507,-7.32276289131603e-20,0.97317643449996,-0.810404393189544,-1.25465072570482
002508,1.09120946813701e-18,0.793175569807273,-0.900087666326222,-0.475367598169761
002511,7.79420900407053e-19,0.548886382634207,-0.294789214896852,-1.26329985218245
002514,-6.76380109253155e-19,1.09593600455099,0.342183159504486,-0.215559247103691
002515,-1.75627691774235e-18,1.1438977543249,0.146770671537187,-0.835598249499255
002516,6.87948057598102e-19,1.07163609557258,0.552139302718008,-0.160747926675536
002518,4.15072093848385e-19,0.971867523624983,0.324114962806964,-0.567750597471059
002519,-6.14420342055299e-19,1.02189319390762,0.618742458172819,-0.86231390976802
002520,4.74006334389437e-19,1.18408847599443,0.477120652295752,-0.758283695688614
002522,4.78948791016607e-21,1.08954779175049,0.5376098528468,-0.273355104302959
002523,1.02641299162448e-18,0.97293099009143,1.07308947546888,0.444712709251869
002524,-1.05329786613615e-18,1.01323093591743,1.78164997540128,0.402009253788542
002527,-2.39891979466226e-19,1.08487686887602,0.0987661351645046,-1.20794923449949
002529,1.25836366614956e-18,1.17131979122459,0.441487857853085,-0.464327508058703
002530,-9.32711860924506e-19,0.493515535006736,1.1136527959205,0.404195683536462
002531,1.19179809039284e-18,0.860791543380524,0.550631232811583,0.17581877602035
002533,1.01019114493997e-18,1.11912828120818,0.352557518136115,-0.512500567047835
002534,1.49176589964215e-18,1.44632052776545,1.14253616236602,0.996457134680436
002536,2.04475252792466e-18,0.809194337299561,0.948691480336916,-0.212909477558766
002537,1.49064869880455e-19,0.371416317887998,0.5632878943687,-0.577879352554872
002539,6.73648333156106e-19,0.857479169449985,1.17703784322078,0.00720385925798781
002540,-2.55937146939278e-19,1.05681005871169,0.422352023630199,0.0838240709155036
002541,1.16333101162988e-19,1.13680011844899,1.26181840994249,0.235996627331225
002543,8.6801776062644e-19,0.880500762652886,0.227114182333366,-0.292180804167135
002545,1.7059334726251e-19,1.28383861402491,-0.698087896219417,-1.45788444006031
002546,3.65514669405493e-18,0.962795061392038,0.510090699376587,-1.06010373941153
002548,4.26308755932446e-19,1.05969433778142,0.816596657868157,-0.319020634208692
002549,7.19899352284296e-18,1.16269155516082,0.0314269367533875,-1.01098144675183
002550,1.26754937568437e-19,0.787710420877542,-0.0481066446079557,-0.941335790863917
002551,3.96511818453666e-19,0.94656295703413,0.186057043474542,-1.34255302701168
002552,1.20142064540398e-18,0.491826456521605,2.39889545623692,0.3177384036739
002554,1.3475847033632e-18,1.06570673265549,1.75586233257497,0.810517039193588
002556,-1.26203092710895e-18,1.07694669345448,1.21259365651876,0.113869892127662
002557,4.19151240828285e-19,0.816784388025895,-0.174065606187183,-0.408753034405513
002559,1.8594461867931e-18,1.12100324636082,0.501092797518471,-0.362257468068802
002561,-7.747255605085e-19,1.01004923962211,1.43859994135758,0.272839933012182
002563,4.32847985177346e-19,0.747849805690777,-0.543147537126651,-0.90852122074509
002566,-1.33486302950676e-19,0.877631895783461,0.777788062320764,-0.262176774597323
002568,-1.20426683028898e-18,0.581061043608709,0.387970072889954,-0.794945247964992
002572,2.19698203885656e-19,0.350246751531502,-0.878761831524544,-1.08996105370437
002573,6.95399509224699e-19,1.03426064020062,0.633376443122695,-0.273232868775818
002577,1.36519788813831e-18,1.41075494124351,0.375557034047097,-2.2690201953521
002582,-7.73196311873536e-19,0.581372674776737,1.14374939145863,0.443995453819576
002588,-5.43327994304428e-19,0.832206145711901,0.690723110038356,-0.188871701758966
002589,9.28298043642242e-19,0.777121451405453,-0.160955208059165,-1.12724800518623
002590,1.25634684078146e-19,1.30992995280993,0.212941831870501,-1.59199442918026
002593,5.15954136904842e-19,1.09602531036289,0.882382424049991,-0.162171071312338
002594,-1.38388974627398e-18,0.992067995735135,-0.580053583639331,-0.981402211682018
002595,-3.65443476816921e-20,0.646345190813044,-0.201589363975032,-0.0192607355419595
002597,-9.42393409809245e-19,1.20809590298671,-0.151865538632273,-0.638671667191435
002598,-1.94336277810032e-19,1.20478788085619,1.38075071074431,0.636535913027781
002601,-1.92894932968893e-19,1.24451726763641,0.693730837348069,-0.0867454306497315
002605,1.63666748097022e-18,1.33762237616396,-0.141972326025859,-0.752947064810661
002609,1.05865426289914e-18,0.681393280669142,-0.16621069559519,-0.85391743402425
002612,3.04757691292192e-18,0.957730410193961,0.870591186532038,-0.445483340641786
002615,-6.74945015047158e-19,0.957099585980151,0.47560930488618,-0.422224241775188
002618,-7.35327868985255e-19,0.831057566570688,0.572912813002397,-0.910568062136559
002620,8.18551090320576e-19,1.10364668662046,1.26046839530782,-0.645581609527853
002627,1.37457104136155e-18,1.01185420695123,1.58869185031076,0.330953330037603
002634,3.28700678971217e-19,0.719288854132126,0.777099821344512,-1.04695405136079
002636,1.69692680129814e-18,1.82114146732435,0.0386601073039669,-0.907969298532436
002637,3.69582657076228e-19,1.05228006923989,0.173182504751819,-0.37761759803369
002639,8.49479750536395e-19,0.729753548795283,1.26752404767187,-0.159262394870407
002641,2.33742337582318e-18,0.910474197710215,0.634032999734705,-0.12619555588139
002643,1.86540677865575e-18,1.18207761759285,0.574840282535736,-0.797621422521607
002645,5.43422689181349e-19,1.07843698334003,1.69965771467377,-0.288472760320979
002646,1.2201480351697e-18,1.03499492172021,-0.404148406365243,-0.948638867953488
002649,4.61697299048221e-19,0.893020468418952,0.891456951150292,-0.702429633538211
002651,-1.19396394166738e-18,1.28432637409817,2.22591667941572,1.12107961401502
002657,-1.36765576179226e-20,1.07874474289702,0.141623930821426,-1.90733194924605
002658,9.60740889212478e-19,0.81724241326525,0.995051803092931,-0.019297729376184
002660,2.20261281660021e-18,1.27705708536666,1.2794766816726,-0.214555682723595
002661,-5.75057788221317e-20,0.9159705268859,0.293463512881211,-0.155813127170539
002666,1.50536573354037e-18,0.92254933266122,0.436930444236342,-0.612141563143194
002667,-1.64610734778406e-18,0.720869529610171,1.15763189112982,-0.0532545441570677
002671,4.7499854847284e-19,1.03988057359184,0.820615274222355,-0.299970715049124
002672,5.02890811484649e-19,1.03744659180937,0.435729335547549,0.0153039038253571
002674,5.46758534674438e-19,0.88320522513576,1.06053818524249,0.165049245870113
002677,3.46858229410205e-19,0.732319187679717,0.02400149461499,-0.371042022813035
002678,-1.77233758383696e-18,0.877832467552123,0.475871379635679,-0.524115989120492
002680,3.71623077877271e-18,1.16187088265532,0.669786901964638,-0.107199405661294
002683,-8.83080751212002e-19,1.27124121844826,0.448282686550858,-0.789998702001533
002687,-7.50683948860694e-19,0.963774669071069,1.17254704576841,-0.41417403234587
002689,3.84202553955717e-18,0.88896222733496,0.446790242905192,-0.800521111903126
002690,2.92203855352926e-19,0.868475741345533,0.18144062059096,-0.338281862745915
002691,2.1457172865472e-18,0.989459823515154,1.13318405512975,0.559127948002997
002697,-1.12455002647819e-18,0.407496226740597,1.10112902423799,-0.431951587284224
002698,2.16781595771562e-19,0.826305840934425,0.112530416207825,-1.38503446706669
002702,-4.47672807436807e-19,0.79535205281286,0.583142449871276,-0.789489462179164
002705,-3.1198343770268e-20,1.2664906514186,-0.11913868719431,-0.488131750353265
002707,7.61954283805357e-19,0.586751760615657,0.184401190937032,-1.26438777389238
002709,-3.90220923976625e-18,1.70168207783582,0.569639252601057,-0.462103357051566
002713,-8.69727364505791e-19,1.17094205857999,0.894760210813955,0.0441929949940199
002714,-4.91686479154478e-19,0.94870575088289,0.317528829477475,0.0170578765676756
002716,1.59405121133765e-18,0.82503524948451,0.484475713388939,-0.364621085053149
002718,4.33968755593474e-19,0.879639558877633,0.960399274027609,-0.0961159729206713
002719,-9.27837015487013e-19,1.04783979439109,1.68510652826013,0.101947259349746
002722,-7.83548673568874e-19,0.81167026284814,2.0756699650617,-0.207566359345752
002723,5.6276370559755e-19,1.25280293203095,0.512895013800972,-0.746574067328654
002726,-2.30580111719532e-18,0.838709243079281,1.3753564292648,0.698388607732259
002728,6.80854946060336e-19,0.746685634446857,1.8411909427038,0.106884283097241
002730,4.8940990180283e-19,1.26593764424265,0.107132888829199,0.243169850171557
002731,-5.47915117424547e-19,0.552110486305887,0.419951695756869,-0.527739597318609
002734,3.06828685825734e-20,0.857842245559598,1.37039618191939,0.517863410117422
002736,3.30751533558594e-19,1.46076993947661,-0.128386327198677,0.17601649337586
002737,1.91474285171768e-18,0.751631519597615,0.145958323231801,-0.913457253803011
002746,-1.44760385412234e-18,1.65648724460862,0.729942995744507,0.335062328846296
002749,1.1236711571597e-18,0.941511332168405,1.24755274536226,-0.162096305971461
002750,1.21820228423062e-19,0.718212578897544,0.625992191729737,-0.776648171672477
002753,3.09187784636837e-18,1.48345475736489,1.20666840912791,-0.255649005160697
002758,1.66238266803266e-19,0.637766281265055,0.597927109953112,-0.731252422785368
002760,-3.49619906527178e-19,1.05444037620586,0.690976187040908,-0.231709006552683
002762,1.86547438105317e-19,1.33836123472545,1.96612809676801,0.587587762408383
002763,2.68105301040604e-19,0.834706830029863,0.980731090234609,0.388649858964819
002767,3.30480080781615e-18,1.16221928336544,2.08182630141878,0.442049043158731
002768,-3.28502037849058e-19,0.8881962641291,0.533185392545877,-0.628555095607545
002769,3.25405863880945e-18,1.20828191489092,1.24786222612251,-0.605912065065467
002770,6.50023142321961e-19,0.821927359735811,0.553029775497305,-0.828196527099707
002773,-2.33208589214779e-19,0.847393659326633,0.213652091647476,-0.329365361217904
002775,-1.30230728965139e-19,1.09137629882622,0.719165301384367,-0.272054903454136
002777,1.69878890555761e-18,1.45008613328576,0.564336755618443,-0.0264112580915251
002778,1.27917695401118e-18,1.10404200920929,0.730149723968305,-1.13865024175587
002786,2.08908691970904e-18,0.817493285499183,1.90097477164528,0.498842135307138
002788,1.80965624971686e-18,0.874624638614056,2.23373151321755,0.28351620901885
002789,1.89632387919301e-18,0.939192359151081,1.37270550012359,-0.171305171338411
002790,-1.14864751931154e-19,1.25913217429741,1.13537993073996,-0.187119534799356
002792,-3.21162356523246e-19,1.07263949125285,1.82509638239229,0.374716984219593
002799,-5.52787278471497e-19,1.36416041804511,2.04024425865582,-0.0598616932532109
002801,1.82904904949925e-18,1.39526070067115,1.30149400455674,-0.654167520443067
002802,9.44508626534781e-19,0.815805788358679,1.40732235710378,-0.0328141545292847
002805,2.15546594913392e-18,1.46500288744722,0.681387807801431,-1.72228445102635
002808,-2.30061832472251e-19,1.18650043216227,1.11941143403415,-0.973951570906325
002810,-6.22040394351437e-19,0.921951407307229,2.22657726740426,0.100831336056205
002811,1.31241604741504e-17,0.577523637143188,1.25441103000058,-0.493143464203001
300011,2.76722542085715e-19,1.06051921894074,0.983801313537637,-0.0509470630242093
300029,-1.78804421952044e-19,1.12002110420936,1.70939031556583,-0.296670354144324
300032,4.22227469919664e-20,0.531593923248426,-0.0722587208252537,-1.01441495032861
300056,-3.49331301586553e-19,0.755832545408614,0.260406608215477,-1.16636060850101
300064,1.75200361911562e-18,0.755428787123557,0.269994188007713,-0.397176739466056
300094,1.64752803511114e-18,1.04872019193414,0.435384070398809,-0.734905824826055
300105,2.19057162142749e-18,1.10124109869339,1.41742794288308,0.00208369513258657
300159,-4.93857162968305e-19,0.716336597030002,0.069859646183642,-0.853709704854064
300226,9.39465785446183e-19,1.28020553055516,-0.285359151620035,-1.86205875461832
300237,2.89027316912091e-18,1.28950156134838,0.528016098490619,0.247419153934554
300275,1.35049166162038e-18,0.535679446072137,1.16774519024255,-0.224881164187102
300277,2.3163754282413e-19,1.4246771204612,0.622937825253222,-1.3287798393569
300520,1.17383257875996e-18,1.81835345029085,0.486182676576888,-2.06392564883108
600004,1.67167018043349e-18,1.08005959748695,-0.143620005913343,-0.00203712170387438
600006,7.99567208284542e-19,1.15985436944341,0.103391132396267,-0.183735545783298
600007,7.82457690926238e-19,0.941968316491274,-0.439178359203682,-0.328214449048543
600010,-6.24967916669195e-19,1.27489213563287,-0.109070234661375,0.39341735633472
600011,-9.11570310741723e-19,0.55571351157088,0.151084480058897,0.700818111003615
600015,1.73454322351512e-18,1.10868394926313,-0.433826761517135,0.960407987455874
600016,1.29247724215049e-18,0.671186802761189,-0.223161457951776,0.690581059538697
600017,2.25638464259386e-20,1.04355036805642,0.422260688545947,0.297774868302811
600020,1.0861230717031e-18,1.16857460502521,0.414260781022092,0.729666476028956
600026,2.28109393494533e-18,1.40803329562869,0.0370910159105377,0.501322007985377
600028,1.35313363306283e-18,0.758910274768102,-0.336469600000759,0.928357610051601
600030,1.63257662470318e-18,1.27315112639937,-0.402876434568601,0.397724857373757
600033,1.41253518323761e-18,1.064874297219,0.520502024507583,0.946147975195094
600038,8.34661243017516e-19,0.807792349691708,0.406596105637661,-0.552742829916504
600039,2.20064386943605e-19,1.68828315180153,-0.207598761266475,0.131239041470749
600051,2.63705588170634e-19,1.0921176058256,1.04855685163444,-0.05701904932712
600058,8.056010467065e-19,1.5741431398439,0.412743189505971,-0.101074318570668
600062,-3.56671842134637e-20,0.935460199256294,-0.890841936235575,-1.16717613557068
600063,-8.697552925591e-19,1.1538662365712,0.879828785578708,0.475111335520733
600066,-8.33097388953973e-20,0.590020738424844,-0.737277669669271,-0.275763782103185
600068,1.33267744753462e-18,1.98075258760826,-0.186001940353659,0.513053861886018
600072,6.96773755457878e-19,1.28901098971322,0.853390431934108,-0.313851745045262
600073,9.1748947669052e-19,1.03927967942789,0.630221844104629,-0.0613006594839011
600075,-3.28909543117973e-19,0.826592513224395,1.17896793701785,0.417290840532921
600077,4.58810175327816e-18,0.766650953251183,0.606194824100143,-0.290446370398652
600078,1.43218465030728e-18,1.43880036729406,1.14339231391333,0.44457089048811
600080,4.24729191673304e-18,0.793187941945314,0.937829398870386,0.186571943875609
600081,1.25058340777248e-18,1.02646644101217,0.803321512756388,-0.156511192213222
600082,5.86546628427147e-19,1.0094625226889,1.6047438413744,0.270382236261024
600085,2.04335135795374e-18,0.982933101853779,-0.959471950064178,-0.582135359303176
600094,-6.45008188287615e-19,0.434791240415502,-0.108573404777804,-0.0213862420931788
600095,4.65930573677776e-20,0.812841754628173,1.12562560932097,0.225417579583311
600101,3.8237167078248e-18,1.22759128086639,0.644251341350664,-0.131427931582647
600103,2.85146839474287e-18,0.891107075588748,0.594126830837523,-0.0733740240362186
600104,8.450796626389e-19,0.894373684607138,-1.26794246786168,-0.401228587712622
600109,6.27854164024451e-19,1.4349821525982,-0.254399450068542,0.0562401962973307
600115,1.30223814155839e-19,0.971330447448199,-0.152824843657888,0.340797050118854
600118,8.33055500292832e-19,0.937327437642239,0.132979820828045,-0.416550962004584
600125,1.11384376165797e-18,1.62037990519755,0.445961602539873,0.856962096517154
600130,8.981746321926e-20,0.966961771749041,0.908630407988215,-0.725027495803577
600133,2.14534368809184e-18,1.16567820104736,0.294946215478143,0.317225497967361
600137,-9.56642053372662e-20,0.0365893862949272,0.265126436129176,0.0611590851070604
600148,3.65722021976268e-18,1.22082801376718,2.04971407432616,1.30252763785875
600150,9.7008115627951e-19,1.30961359513121,0.528714129110224,0.0485286941138885
600153,6.98920493401268e-19,0.873780474569374,-0.188787654719102,0.169856521077344
600155,1.7851736276493e-18,2.03650157366235,1.63477589832797,1.53794431497576
600156,8.07886674842367e-19,1.14924209139,1.4113527917434,0.220333878300099
600157,-2.08736426821526e-19,0.9225517831144,0.412830118428847,0.414902922505573
600159,2.10567987759808e-18,1.44692525800529,1.27354484989188,0.769356101854686
600160,2.34817254520255e-18,1.07993439709089,0.888838634618318,0.33085995168856
600167,8.26196373924193e-19,0.833639889392252,0.719862879243709,0.217781709101422
600169,1.44580256766749e-18,1.29995351975318,0.249047824725969,-0.118366369419611
600170,9.96781177674438e-20,1.09290909021669,0.040296482021286,0.461267857680433
600177,1.00626401174757e-18,0.788457830804646,-0.218208558820945,0.160856846374053
600186,5.09961437011577e-19,0.978025765257767,0.201976697893532,-0.555731578388437
600187,8.12950279069383e-19,1.43416195213401,0.474804115069832,-0.769789826584437
600191,2.63532831667463e-19,1.57801698064083,-1.05554670815635,-0.694855758689913
600192,4.78398071623353e-19,1.23806299045687,0.907189869487461,-0.155319987729037
600196,5.73964405196995e-19,0.546650668473068,-1.05226856817705,-0.963564166952692
600203,2.12381695328979e-18,1.15821683607888,1.08978537900505,0.0507016997526913
600206,-4.53111083633401e-19,1.44704543698759,0.133682727844949,-0.799955650925066
600210,1.24146340495851e-18,1.09705386349242,0.30723132802799,-0.093074086402496
600213,7.63286035698642e-19,1.35991928752682,0.582480551019408,-1.29972378603378
600216,2.46298277474947e-18,1.04842683458744,0.0165143200327746,-0.750767376421967
600217,1.09453186376923e-18,1.26962619925168,0.303957358936275,-0.201064825261119
600218,1.6656697250425e-19,1.24062785879409,0.758418704646484,-0.154427922222548
600220,-2.84798664974524e-19,1.00774207094991,0.591113482418133,-0.00817535938327864
600221,1.71835511743938e-18,0.725814601248231,-0.281738991249545,-0.0311954289347855
600223,7.86881868167991e-19,0.894421306730204,0.589526578690091,-0.128128560706711
600226,3.37479419877722e-18,0.603535441695971,0.551965404417498,-0.704371346755162
600227,-1.05789115547321e-18,0.63594406981405,0.526918218877115,-0.108744957087642
600229,1.22941406534954e-18,1.18433659361625,0.950818481344334,-0.0151454145366765
600235,9.90853098715438e-19,1.251988888079,0.75645961460119,-0.569803046964784
600236,-4.11532091471843e-19,0.880396984156355,-0.296942286969168,-0.0126200465823487
600241,-6.73682420045327e-19,1.18542771976573,1.09659619918752,-0.297220101326717
600249,2.75837947139175e-18,0.944685878043498,1.34927551445295,0.146690342496969
600251,-9.02672346472432e-21,1.03227162949385,1.14780985628079,0.526129822965152
600252,2.79671566863782e-18,0.632376284292121,0.203198816284818,-0.0829645616624058
600257,3.23763422178716e-19,1.06685802791588,0.454152562914116,-0.727928836868738
600261,6.43624510400725e-19,0.856638185129093,0.0474063507110924,-0.325928820961343
600262,-4.24993904470573e-19,0.560361963659133,0.158979065551595,-0.278300192001587
600268,3.59652438430581e-18,1.06947992601133,0.676130060002109,-0.353046649699227
600270,4.40391438027996e-19,1.28795639351018,-0.0952994781533783,-0.378314954997609
600273,1.78588760674605e-18,0.762845042642191,0.366609657114613,-0.153906117599835
600276,-9.00257227394068e-19,0.240394559819452,-0.962215401999774,-0.94939178811791
600279,4.39939764949312e-19,1.2926950435285,0.717313812627489,0.11651006033386
600280,7.37116434265781e-20,0.776416587972799,1.24699828775201,-0.00332154129378572
600284,9.33409394944306e-19,0.872896402437271,0.576081231732049,-0.00907883045610102
600285,1.76871215416177e-20,1.05571891524902,0.031588312974315,-0.499309682284458
600290,6.62506578099183e-19,0.496173517155265,0.806953621159982,-0.0967490884150545
600291,2.79392552721579e-18,1.67764503175417,-1.23668358641107,-0.286486367768092
600295,2.48219354923457e-18,1.84286559997072,-0.946133227802447,-1.09650904737826
600297,5.67635294878993e-19,0.863985066069271,-0.270961939086921,-0.0741246974442983
600302,1.471612660653e-18,1.34646550665001,0.975420680475334,-0.432238306712508
600307,1.44322128072839e-18,1.53205985446722,0.61083743025146,0.695064264140688
600308,4.09950594054142e-19,1.18827969457485,0.794058990566135,0.61646616014008
600311,2.55962724573443e-19,0.860947996732294,0.872945434529105,-0.16607947755323
600313,1.37650723457825e-18,0.152975865655145,0.894239231671745,0.0736850310570499
600315,-3.6378926458513e-19,0.81964046175812,-0.440886180960037,-0.412002014214467
600316,1.44516358895672e-18,1.16937189499048,0.650253132642944,-0.321134856987896
600320,2.73032842916331e-18,1.48127155588191,0.412026115509333,0.619934342936063
600323,7.75042798495229e-19,1.04491111379599,0.350486986882955,0.128809187792639
600327,7.73539073801849e-19,1.07207119631297,0.474669062908978,-0.0493201150567527
600329,1.37604371095105e-18,0.957762955675845,-0.112290747264001,-0.571301701814695
600332,3.61461323898644e-19,0.988543702261223,-1.09113956813157,-0.833014620241969
600333,7.8981529071841e-19,1.23531545289194,0.864049320278006,0.101906772255132
600335,1.89226524882391e-19,1.32474538604873,0.0522952488054023,-0.400019861810188
600336,8.13251729193084e-19,1.25440319123403,0.618026147878348,-0.385671938420244
600345,1.45785714712193e-19,1.21360355693297,1.17229827327791,0.0394152840904107
600348,2.53942290259459e-18,1.69910471486121,0.295370804335201,0.85619521607367
600354,2.14078567221078e-18,1.20259071335653,1.16996061196049,0.299969401259531
600355,7.4617446230573e-19,0.678887837220765,0.615204209299727,0.511148722016974
600356,-1.36039707903226e-18,1.22752785964072,1.12643151426588,0.0307624717538194
600361,1.38897261742411e-18,1.14262244838764,0.916312201463607,0.558100409456199
600365,4.29975555509923e-19,0.735136155968495,-0.0301255606662016,-0.520434476959267
600366,-3.87844415151835e-19,1.09307434187044,0.413738146121424,-0.262864163017914
600367,-1.29867561506584e-19,1.51275614714564,0.616693140512018,-0.388307543120865
600368,2.57146552052836e-18,1.17951566933905,1.13293224009985,0.85300429810077
600369,1.86501884161764e-18,1.15431868176898,-0.0532482974815475,0.124798419322318
600371,2.47564205590955e-18,1.09403088470329,1.19708233787699,0.131131348537856
600373,-9.87251830139604e-19,0.762358652427503,-0.569339266639404,-1.57716818445104
600376,6.43363400832824e-19,1.26278412278497,-0.152008988966017,0.614994526120233
600382,-8.34927483102144e-19,0.861991369521093,0.92001850680558,0.440327152897483
600383,1.08957725622619e-18,0.993928547023434,-0.838342737697487,-0.161760149767068
600396,1.05945725512909e-18,0.851904431577946,0.588354441852753,-0.0164876189637642
600398,6.8756271574426e-19,0.638310418968913,-0.109248632441826,-0.0810172853975326
600409,1.13540809747122e-18,1.12213510286186,0.255548397631619,0.174736082742809
600415,4.23268198661739e-19,0.304871271395244,0.00878403242844918,-0.179513702983959
600419,-1.45788588671968e-18,0.620166991822138,0.64507588873864,-0.277345279099282
600422,-1.5730153767151e-18,0.735015690062462,0.00158208524931895,-0.670017238554501
600435,-1.87460999720812e-18,1.01383118579667,0.251562029832023,-0.851838270326955
600436,-1.14417075967966e-18,0.860178746593717,-1.38508152383617,-1.35141227693516
600439,-5.48182502112817e-19,0.649005785447459,0.28519385682349,0.119413677157739
600444,2.75089501638041e-18,0.856329773159045,1.32009470094481,0.198362310582184
600446,-2.89157756049112e-18,1.08588305395809,-0.580329119747346,-2.51027347019603
600448,4.44983390680677e-19,0.958160493453111,0.950511292747547,-0.206787737447762
600458,2.2095309972523e-19,1.26451567699882,0.479919454484531,-0.278714331363335
600459,-5.7000404621127e-19,1.42992327471093,0.634183622413316,-0.529802529325561
600461,8.97202917965868e-19,0.845872209544742,0.387662819261242,-0.0416178914372155
600463,-8.44676414743151e-19,1.42579761411244,0.62588487279483,-0.136552705506745
600467,3.06301412499276e-18,0.873894838313419,1.20382195416053,0.363063126721887
600477,2.77155151101875e-18,1.87076653498234,0.070037982279154,-0.683014426494451
600478,2.04960111617105e-18,0.952528321836682,-0.138412244052101,-0.635718961377457
600482,2.05851922616963e-18,0.921058119233903,0.504101408579376,-0.12240581000017
600483,1.41708762709894e-18,0.953981137251733,0.466845317509044,0.0507698228008
600486,-3.74453069929144e-19,0.983816209512322,-0.32600600264887,-0.319495192309122
600489,4.47767222792458e-19,0.484096702090635,0.466235597584939,0.168932710762269
600493,1.3147758390471e-18,0.569901887722858,1.24250441995875,0.136066912081618
600497,1.55573897833173e-18,2.24503949219627,-0.0470805662849703,0.605010730743395
600498,-2.26072699636769e-18,1.23108376598258,-0.856694482772049,-1.42408768198361
600500,2.11951174571085e-18,1.56025693476204,1.07402707553792,1.28485999593679
600510,3.84466264526284e-19,0.783393255713135,0.77595523972041,0.177654488317292
600515,8.97686950142489e-19,1.01882261894475,0.418909703345626,-0.435500934702323
600519,7.99006745041463e-19,0.805648648723479,-1.24788297997992,-1.30966618590279
600521,5.20859174279765e-19,0.608854473751562,-1.03720087704192,-1.20744070469953
600522,3.87936610365591e-19,0.968035107679429,-0.843222056261901,-1.25162470103364
600523,2.57584729364032e-18,1.30744462053574,1.40227007985967,0.348412854859307
600526,1.67439443547814e-18,1.11162945308013,0.610334402445984,-0.324570879154997
600528,1.461696051662e-18,2.13693225545419,0.482662059286135,0.795502288966168
600529,-2.35557968427618e-20,1.0527523365223,-0.298213086062281,-0.327886824572542
600531,8.81546064469278e-19,1.02763448574623,0.206251752625143,-0.12451036224179
600535,8.18874114335173e-21,0.535676606476574,-0.733382793518537,-0.587283368033058
600536,4.03852437752122e-19,1.17876813272239,0.166024433926928,-1.36565515992667
600538,-3.22839815402731e-20,0.64980334365057,0.714707465678238,-0.376468723382357
600548,1.06500962630458e-18,0.670058774481729,0.377174706983629,0.641622415018974
600549,-4.53899983125287e-19,1.84738352914398,-0.179728917380855,-0.595744392230306
600555,2.5445398625006e-19,0.866319654198247,0.934245174158973,0.250540015297979
600562,4.46678626945653e-18,0.823204811317104,0.367784467628941,-0.84759127420517
600565,-1.885220280388e-19,0.669747728051654,0.276942926369962,-0.561188908875948
600566,3.62235371438567e-19,0.74134442477612,-0.6841646448071,-0.889712057108292
600567,5.72973229858821e-20,1.02473444367475,0.435668149749617,0.354467944449714
600572,-7.32252557472788e-19,0.562597510652739,-0.144598585790833,-0.779112231366835
600573,1.00285454345374e-18,1.03085337525149,0.993685350005577,-0.0724445585193342
600575,1.82494071660142e-18,0.835133006538547,0.8560338322939,0.071763467486623
600580,3.77879189185934e-19,0.8066280930001,0.525382604368122,-0.124489830398324
600583,-3.11902496597634e-19,1.08249983747937,0.409031541484132,0.509952643856066
600589,-1.72075575055507e-18,1.072582336981,0.713670945136172,0.0521465735041968
600592,-8.77952750303329e-20,1.09828938082989,0.436188687331242,-0.378309268169885
600600,2.37965436839321e-18,0.858502690129222,-0.498529251729493,-0.349381372461174
600604,3.58053767535816e-19,0.632185018951002,0.531331086660687,-0.829646263673517
600605,4.678671625975e-20,0.902127179404116,0.945360225485338,-0.652364543169265
600606,9.09882970382578e-19,1.09768820709093,-0.181618555861765,0.032300150477392
600611,1.17615421037634e-18,0.994983311681036,0.237708372260158,-0.169900566187484
600613,1.33016471955427e-18,0.857772747537797,1.09440888667291,-0.0569475937943665
600617,6.74420854126959e-19,0.660335629144726,1.19593523633398,0.0551501637509514
600622,-1.56433454969989e-18,0.740854246173695,-0.156688379776406,-0.249427799913631
600623,2.63445509434845e-18,1.00364516916008,0.361487078519472,-0.502182332033459
600638,9.61882701335229e-19,0.685409279024288,-0.577450704668251,-0.698506916886773
600639,3.50917891285785e-18,0.711534186834245,0.205788342342618,0.355305012492866
600641,1.38923041549486e-18,0.64362327315292,0.358881466570127,-0.814585810652085
600644,2.64252519302904e-18,1.02273485728879,0.713357189262608,-0.153008274912142
600650,5.12073926199915e-19,1.17408730756749,0.807665189333573,-0.223490314597447
600658,-3.95525731485554e-19,0.690675236647457,0.41204636672914,0.248500916591929
600660,4.74504052184611e-20,1.42587111885418,-1.71653240130767,-0.983213506863549
600661,5.42883963497458e-19,1.20367980517474,0.249153805219129,-0.603190536359527
600662,1.14381950565348e-18,0.913886950999073,0.643910162947474,-0.298356245014751
600664,3.4009306645611e-18,0.992830373414012,0.0218406829624494,-0.257680493209313
600668,1.38102765674196e-18,1.33391531130587,0.441305278877099,0.282850276594056
600674,4.51977513618738e-19,0.747918608840422,-0.594698584302301,0.00428855681983558
600676,7.05331676698871e-19,0.936557715638063,0.451527566264409,-0.0980238899448664
600684,5.71164589036392e-19,1.32552146891825,0.666483303236753,0.203044210578673
600686,9.07470161913739e-19,0.943728469476138,0.60507532778784,-0.137653885511693
600688,-4.31794431337664e-19,1.02080020633633,-0.348884820295645,0.380054139845395
600690,1.57051288133796e-18,1.124569218635,-1.46517087378921,-0.655264921513148
600694,7.78489028626809e-19,1.19064679918246,-0.224826521522267,-0.269703954452068
600695,3.49383296244464e-19,1.02873620287417,1.48536717978322,0.454168436255346
600704,1.17169765696292e-19,1.02763992267879,-0.0330552126580307,0.0361507971964377
600705,-4.36692804954482e-19,1.24103990308127,-0.619125114633137,-0.163558955438954
600707,5.44164032972993e-19,1.13110842183553,1.27414657457318,0.168827536140157
600708,6.81424940130249e-19,1.01483031541414,0.340040201864725,0.132013471422954
600719,2.29503669752866e-18,1.06745856019931,0.828569883349639,-0.043862593089319
600724,6.87173312655858e-18,1.18071557561418,0.672509279998196,-0.0777698217869022
600727,2.52626191808581e-18,0.976043248002605,1.07736469993368,0.397833882909692
600728,4.62979778374309e-19,0.829769566691974,-0.0380612091691789,-1.11153740126795
600741,-2.34146617017478e-18,1.11664081936826,-1.54078512971971,-0.819561837192019
600742,5.61346630889407e-18,1.37818535905879,-0.625504675308765,-0.89446930190439
600743,1.67402637718094e-18,1.28090309550137,0.400321975402364,0.149209588308337
600748,1.25390660250333e-18,0.920290676182327,0.232293669128459,-0.210335209755402
600754,1.79513068667755e-18,1.01884281795422,-0.627317193689397,-0.594046194611861
600761,2.58035010096455e-18,1.23846831142553,0.26294449411629,0.0834276491669505
600765,1.50139503789782e-18,1.1800312233974,0.751723221878339,-0.364199896503798
600766,1.3555904987768e-18,0.391311366077106,0.88296109843537,-0.456732891741441
600769,1.40027361322798e-18,0.750562068458287,1.17364703287729,0.0307241833234018
600774,1.51286176558895e-18,1.41024434904481,0.986114972179597,-0.27212212383981
600776,1.5812720678102e-18,1.28125681847562,0.376605146723592,-0.647616330607153
600783,1.77335918371652e-18,1.42300279490487,0.283095224036226,-0.655832305956622
600784,9.608961586873e-19,1.4032963526659,1.47326032622458,0.467001971523316
600787,9.50179456152914e-19,1.11598462841325,0.603411795110309,0.384807332450988
600792,3.70433247238817e-18,1.47174956888182,0.645911457757282,0.229894570677967
600800,1.16294200832689e-19,1.06152439814714,2.08595665277549,0.746794221840015
600801,-3.07308015039566e-21,1.80711002709449,0.673345882369325,0.65923352108839
600805,-4.52453958991714e-18,1.04991590237033,0.268003106991323,-0.0982386116649188
600808,2.00189315532674e-18,1.52977723756865,0.576528072946225,0.963109640573918
600811,5.39532272333154e-19,1.05262457555895,0.360119511315269,0.53852757106505
600816,-5.56633056247409e-19,0.859497556003538,-0.68539689845692,-0.469046197660148
600819,3.03854667681803e-19,1.47103503797543,1.15337570885782,0.758363682710664
600822,1.37100975595306e-18,0.737097702784278,1.47840692593374,0.0578634676507371
600823,8.59262109303991e-19,1.04022046690081,-0.228097962559668,-0.00871374835652477
600824,1.31292304713752e-18,0.89595135786098,0.784119469638556,0.245092596482583
600827,4.60527253699955e-19,0.843902890530394,0.552138001807268,0.59880449901216
600829,-5.27249374233207e-19,0.993665017132236,0.221211354359278,0.271594991840408
600831,1.17871338280212e-18,1.19235802211154,0.472221023275458,-0.490894238329585
600835,9.81018569270997e-19,0.970974539992188,-0.331823831148175,-0.289161864209716
600838,-3.47774119263159e-18,1.18219599885618,1.35256932319202,0.254409594464745
600839,-1.2890272273323e-18,1.18955113319278,0.0689685158359059,-0.422182110350005
600841,1.58641963577333e-18,1.02896407196125,1.29740097049746,1.10083771361342
600843,1.82053183513252e-18,0.868967796619823,1.37399780453819,0.142437357270753
600854,-9.50267201314378e-20,1.30295502023949,0.120404922928928,-0.684178034619363
600856,2.30036513499002e-18,0.93515991506542,-0.117866130008494,-0.0142419932134173
600857,-7.94510883189744e-19,0.713198572513712,1.07010609576307,-0.501433255335942
600864,9.15561164539011e-19,1.30293438525602,0.433752698237703,-0.0204738163203245
600869,2.16343249334792e-19,0.997451356646674,-0.41994991779024,-1.01818339975953
600872,-3.64520188078241e-18,1.43361013399767,-1.88365600130161,-1.94425182131494
600873,7.78068149343455e-19,0.928743954428408,-0.0450005742807834,-0.091357743626044
600880,4.3938221972503e-19,1.03179930660712,0.625358074062025,-0.406930696429567
600882,1.23099709046499e-18,0.951725209948027,0.277882996130705,-0.187226643356201
600885,3.60155022324667e-19,0.597654449051525,-0.482742571444984,-1.11046928758623
600886,1.14426191296409e-19,0.705629905781167,-0.310423304505128,0.344450865254184
600895,4.66609820962144e-19,0.660338088869695,0.0938553864743891,-0.0386298988083734
600897,9.80525812047079e-19,1.05001098265109,0.714803706773439,0.769285019752872
600900,6.02367664722597e-19,0.307432142021621,-0.537035870893029,0.0073560770035181
600919,1.91541911016091e-18,1.24366645979644,-0.167193343952199,1.04624173406013
600961,4.52492731261889e-18,1.4943806459725,1.02041496301696,0.454780068957245
600962,6.543348563858e-19,1.06566541640738,1.41910628724827,0.187615844078791
600965,8.29903189147893e-19,0.743712952084443,0.95966207080507,0.323347723486696
600966,1.80600603231884e-19,1.32201517147343,0.73927755034067,0.766136963276216
600967,1.97282618733757e-18,1.12373243978553,0.512237955067067,-0.493407823762341
600969,1.22302475871505e-18,0.78868970804464,1.08384969756469,0.41422270743417
600977,9.52336257814891e-19,1.33993384188187,0.439639757874256,-0.471014465298712
600978,2.02176749876433e-18,0.690651792664944,0.148521293737597,-0.267916166221951
600980,3.36688594483589e-19,1.52844143163811,0.509770964771465,-1.22073679712394
600981,1.2071771708815e-18,0.998484342459111,0.307212943673748,-0.276893024367705
600987,1.45426424886301e-19,0.988086441550474,-0.380950291827189,-0.451816646369588
601002,5.03367533529588e-19,1.57274905103454,0.680884520938665,0.123489317338429
601007,1.26671625164245e-19,1.03115352554897,0.680724161299222,-0.32230160195474
601010,9.8892180121929e-19,0.874522887503705,0.249833104811513,-0.475542433578581
601016,1.78193228723175e-18,0.691503044817849,1.13329410434676,0.187167000916072
601018,1.32242945835387e-18,0.669778454848939,0.00147494983873233,0.428261503412232
601021,7.61824351523256e-19,0.822231517702805,-0.217354543474694,-0.120757006472818
601038,7.2458012418723e-19,1.21689690660652,0.475847792194064,0.101489822572524
601100,2.18400655068387e-18,1.12566585105421,0.692184867568243,0.689010497014475
601126,1.48579390868442e-18,1.0682687889276,0.938039322619026,0.485509143866462
601137,3.06896357467988e-19,1.03548386139866,0.802511078150658,-0.00964285057353528
601163,5.8708755454318e-18,1.02131022503446,1.02436341297312,-0.248807653165315
601177,1.18362409318759e-18,1.06835738769489,1.43240714986626,0.231520332228299
601179,2.14062233784884e-18,1.29060680813092,0.0555653755171261,0.167056154465921
601186,1.7273115638817e-18,1.69657939274704,-0.557426459458198,0.82368204068827
601188,3.52490459725045e-19,0.943084181073999,0.981493409839908,-0.0676999521654399
601199,-5.97466219487828e-19,0.97682309191312,-0.0144807441352102,-0.433539770008437
601211,1.4956998201868e-18,1.15294746362064,-0.579329550420612,0.317660897907571
601218,6.73237320359929e-20,0.957190514076906,0.876972545488657,0.0323622133335827
601258,1.71701732557951e-18,1.092269149294,1.2038877364434,0.516919433978232
601288,2.63931841109455e-19,0.425844485341807,-0.306118402253341,0.590075174740159
601311,2.0926173145509e-18,1.00262146823269,-0.0119499281533185,-1.11320686786561
601333,9.95863530121744e-19,1.02478483395931,-0.0595158463591913,0.445272192586495
601339,-9.26117097403782e-20,0.715408337721773,0.420214766503136,0.181767026428934
601388,7.75956734872033e-19,1.14156029997518,0.559217226770361,-0.180154793521942
601398,1.12086238562929e-18,0.410399515854989,-0.315281018321694,0.812381405688572
601500,7.92253506589753e-18,0.874341973627827,2.8453657743754,0.900315299109832
601515,1.61966886768092e-20,0.754618869078619,0.350686384519345,-0.0345416723369198
601555,7.03847568316464e-19,1.49572378614974,-0.144214710302376,0.319914488788685
601566,1.52469727590664e-18,0.782443473531201,0.42068989068702,0.0586684997446713
601567,-2.79958901152475e-19,0.938060908500496,-0.303872938060892,-0.804152675275549
601588,7.91847808932658e-19,1.12425024725468,0.157145424282377,0.332479980182109
601595,5.68662717645139e-19,1.37220021018946,1.15497356617809,-0.439686838359208
601600,-7.63711150223561e-19,1.92036309805002,-0.360061739873889,1.02682889178998
601607,3.26564462359434e-19,0.726265527749753,-1.29864431552171,-0.965850012478502
601611,2.83058601035007e-18,1.60338312021072,0.484531440981126,0.45145955224679
601618,2.17422925529938e-18,1.52403350410822,-0.424031089988265,0.44702510619587
601636,-1.61262068421444e-18,1.37588543727623,0.165013414468537,0.018708962305865
601669,2.52651054339434e-18,1.6419656516875,-0.309574800267347,0.823836586554601
601688,1.17677097965172e-18,1.68588967782853,-0.617678139123674,0.402748288216393
601718,9.48910506507776e-19,1.09527184913645,0.486090648884996,0.52740760389097
601777,4.8296273128229e-19,1.11909992146407,0.18620513243371,-0.639704769607412
601788,-8.64143350295417e-19,1.19606961811085,-0.311511733897007,0.28192072631119
601800,1.81272787965994e-18,1.68115748658818,0.0302164475726693,1.17241667048432
601808,1.00271594481461e-18,0.960340641249096,0.566055719332606,0.386896562212652
601811,1.76915248681329e-18,1.36982745127029,0.679823810216503,0.140197151396066
601818,2.23429677521218e-18,0.883001821981382,-0.325196093208701,1.00530228183654
601857,1.30021189627508e-18,0.722573031229547,-0.116168868655926,0.909748799885348
601886,6.32583639318376e-19,1.10219023057048,0.703919502413515,-0.0617927601568612
601888,-5.04725212863099e-19,0.619227081523818,-0.797992016955716,-0.827435731851768
601890,5.94180167398516e-19,1.11041185949334,0.356310819949429,-0.60015324401935
601899,6.60868590662215e-19,0.726394771244032,-0.075790516162618,0.0907232102488695
601908,1.14320501669067e-18,0.946007820620497,0.501690232655962,-0.157757790881757
601928,5.40113736582959e-19,0.671040047841423,-0.0104581228182406,-0.0661618404090254
601929,8.72443174401328e-19,1.09899316757477,0.2556985483584,-0.276012648043659
601933,6.00261949174714e-19,1.07721499092913,-0.983510778474588,-1.23130480199557
601939,-3.99810832055661e-19,0.717850342326231,-0.365640300982119,0.930500782595909
601965,-8.8511316112061e-19,1.32467820974354,0.311291294043421,-0.223538794874963
601997,2.56821973843581e-18,1.66627887164539,-0.277061722946956,1.2923892297607
601998,1.42746751756799e-18,1.22902356309632,-0.708255647233018,0.867041184309652
603000,9.16742127251229e-20,0.98374609441789,0.0277189085449266,-0.855268772194457
603001,4.43641594515604e-19,0.948997378558161,0.509909165727192,0.124521389460318
603011,1.05567282068109e-18,0.816633056777762,0.172702610966754,-0.153704675692077
603017,5.0978344373973e-19,0.809140804547808,1.2811214841947,0.313000055000439
603018,1.39630150821135e-18,1.05956320818326,0.87522210251499,0.356120895281218
603019,-3.83475285286358e-19,1.28614260830862,0.286579860001613,-1.22834824218469
603023,-3.52920949899734e-19,0.737016513274324,0.507324722379723,-1.14969117289848
603026,7.65758025453106e-19,1.40451577768839,0.294938531284436,-1.10194978032731
603028,1.8826954163094e-18,1.13914086392721,2.47942242621851,0.327170669680923
603031,-5.79511972044327e-19,1.47464551136858,1.02744659842665,-0.972490874121829
603069,2.94132380292377e-18,1.64517512089563,1.92091495752667,0.929266924419409
603099,1.35397455572906e-18,0.900783198833777,0.981166563281747,-0.114607229790731
603101,5.4603151886066e-19,0.881268385804921,2.08258584579958,0.32618279169495
603158,-9.57456752120664e-19,0.453068729211235,1.38939230732764,0.415974411754049
603159,-3.08698601234989e-19,0.964987336520929,2.25740903096465,-0.0158864969625849
603166,1.56157215067394e-18,1.19986793886212,1.16673508024776,0.229901333894169
603167,1.09198446573539e-18,1.23954114605662,0.3027744667991,-0.164371098642649
603168,2.32826559741437e-18,0.554176434930104,0.934813929787915,-0.134866050655878
603188,1.18163571388184e-19,1.01619861202237,0.420457148101015,-0.0344413334864144
603198,1.32929067848312e-18,1.21153530590096,-0.679246896490575,-1.15756254134711
603199,-1.40202839116642e-19,0.70240899955684,0.953686120387972,0.0999170891761071
603222,2.19630142802913e-19,0.525101215092475,0.203050409136788,-0.491833585043988
603288,-2.49352126957018e-18,0.820541768740241,-1.34669693423057,-0.928852240150289
603306,4.76930546048923e-19,0.737126663035307,-0.0200795826603711,-0.63778908157462
603309,5.05237768104457e-19,1.13020997596514,1.08238786305615,-0.214985642205784
603315,-1.67369191663604e-19,0.838077230100284,1.56233663402114,0.497873397207396
603318,6.90558384873427e-19,1.04762498623531,1.38317158876847,0.763494707842384
603333,-1.07173862644058e-19,1.14446957220794,1.63064541407637,0.711919551712835
603338,9.21859791018964e-19,0.948472373058754,0.512810722363467,-0.26353583940414
603368,6.7649300839501e-19,0.766162664094566,0.671361634143967,-0.587886201649428
603369,-2.26876468855115e-18,1.48229419310414,-1.44666321726134,-1.76158161541633
603393,4.64963614059586e-18,1.10542026558602,1.99736042232899,0.668334115603247
603456,1.19097286752819e-18,0.853889631805571,0.714871963535331,-0.195143896534165
603508,1.43352355946786e-18,1.0503822398809,1.36940778788499,0.0626569959340767
603515,5.53686124888406e-19,1.17708913400178,0.110456782112693,-0.472023799249529
603519,-1.98682353123269e-18,0.691709997667276,1.3922462181747,0.802586386040046
603520,2.219810226029e-18,1.20495067736435,1.43843735109652,0.306848644547543
603567,2.46748528895126e-18,0.802464307945903,0.460701427147574,-0.38385788247418
603569,3.33258478660735e-18,1.82773802165867,1.85186246838355,0.416934482567101
603589,3.62322356879112e-19,1.25252021549206,-1.32547979570266,-1.00911007343216
603599,1.03938986170457e-18,0.972959698014901,0.307030663712205,-0.413098669451195
603618,1.49776264360116e-18,1.18727566098811,0.533165764902635,-1.07724689420842
603658,4.18672433298705e-18,0.95138064587742,1.11269151005293,-0.29232137774886
603663,4.78050797251583e-18,1.51119967958623,2.40518606295866,1.04963571402579
603686,8.00502795191819e-20,0.729354309162861,-0.0353686404567583,-0.82924382755321
603696,3.71242364197004e-18,0.944881767565746,0.761657728709616,-0.305710383902031
603698,5.5910674291738e-19,1.08394599508076,0.808071863721875,-0.224244419570666
603726,-6.94054570238081e-20,1.39185995781276,1.78445608993609,0.245295488381216
603779,2.05406005173115e-18,1.02300970307492,1.51654199500559,-0.244161871894307
603788,1.205431489157e-18,0.828191051157013,1.16440256280141,0.0570768170904943
603806,7.70986903930704e-19,1.00969988002479,0.613128791988268,0.0919590452077625
603808,1.11856387261486e-18,0.6304997639446,1.23833340652854,0.0492364209347459
603818,-1.23392074201999e-19,0.760287085297633,0.463044471140079,-0.184248561297636
603828,1.51186559912801e-18,1.12351027984362,1.20022869688446,0.358135660649255
603843,-3.74680024753007e-18,1.4077335870621,3.20212289370083,1.90651829093211
603866,3.9125613324395e-19,0.241314720036794,0.49419292128775,0.188591840780975
603868,2.5775477288272e-18,1.18835686764906,-0.251080507475631,-0.488086668211628
603885,-1.51474929567501e-18,0.803523200984356,0.13238623482418,0.044358570902036
603889,-2.71530237806704e-18,1.23180237205679,0.155856782010305,-0.0706196864132819
603898,-5.20877043367812e-19,0.712750890741282,0.0576040204336837,-0.661567425809509
603899,5.24399327606517e-19,0.709054025302359,0.354336005168163,0.112688159571147
603901,-4.41665014699783e-20,0.827559427874095,0.87646004718182,-0.436506671231292
603918,1.37069621294339e-18,1.4019553532581,0.761827557238089,-0.690824103349606
603939,-1.49253034762843e-21,0.739507897819154,-0.232635232436967,-0.644306792905929
603958,1.51084635534804e-19,0.942210360348312,1.20179827516499,0.153642498280314
603959,1.27871610622727e-18,1.4263134768109,1.63222190776177,0.18779723641013
603969,1.98394105004684e-18,1.25350678182932,2.43846848162488,1.68951457543388
603989,-3.85095669561474e-18,0.714938978606032,0.735944278626524,0.079579797083932
603993,-1.55646603268827e-19,1.69424556729319,-0.485815801757588,-0.292130934439602
603996,7.92395905950597e-19,1.42871037218015,0.298245810139164,-0.381297049520941
000001,-4.1735464082323e-19,1.04220459675111,-0.423278783576669,0.530248049960211
000009,3.7631343569244e-18,1.22595381307578,0.37145287683666,-0.452519257104726
000018,1.18281752567341e-18,1.14970364057438,1.14824850646941,0.267519222693271
000088,2.40076231053142e-18,1.50690165746163,0.898335537680876,0.621885230514066
000096,9.23829268727527e-19,1.07669411961593,0.669291230905694,0.31920402541349
000419,2.84826566198634e-19,1.3407392121451,0.629664953726227,-0.105313681398828
000430,-9.08699180510928e-19,1.00834507796656,0.389297907502317,-0.2552651739221
000501,8.92983208170245e-19,1.18089057622055,-0.379929268657557,-0.366128657306132
000507,9.91081784222425e-19,1.53918286652615,0.710426719503576,0.0964746717962132
000523,9.80420923356105e-19,1.12923776273153,0.189177286829736,-0.383537861527809
000529,-1.2545053941435e-20,0.758822050377915,0.888744774784326,-0.254857472516919
000544,-7.38109466613916e-20,0.951656168945038,0.502727850375801,0.0959064589572551
000551,1.14325531719117e-18,1.29234725616529,1.10955094365504,0.0750958327139308
000596,9.88065767179434e-19,1.29345971126989,-1.61705036334868,-1.86298071032299
000598,1.19690549663943e-18,1.13025728138332,0.266677764310707,-0.157371919335311
000623,1.24390894381402e-18,1.64642627912143,-0.683135124518195,-0.204177619943292
000628,1.19288459806224e-18,1.3773253881533,0.943207888215027,0.296997007843025
000669,6.84325631625284e-19,0.807689117061261,0.52258909670016,-0.0848027211102399
000685,-3.5352161198477e-19,1.18077039775689,0.279260834275771,0.305060354497911
000701,7.06824710468527e-19,0.985503396031169,1.03527545548465,0.193242154173773
000722,-1.35798119160137e-19,0.614944272831387,0.337188935957526,-0.0131590538165077
000728,1.38737135950172e-18,2.1077962621716,0.347639431789896,0.684766893247531
000732,2.56509745202497e-19,0.823711816185606,0.205221055435271,0.354382062037591
000753,2.09942494256072e-19,0.802206377764686,0.966659884330606,0.475926105386464
000768,7.18147077085867e-19,1.20930643039937,0.539850000546672,-0.147366384581079
000776,2.79526266705727e-18,1.64271370394338,-0.408268600147263,0.306297570397366
000789,1.81698848339672e-18,1.60927749551392,1.43385425299877,1.11981600490816
000793,5.70104814876122e-19,0.714335471662596,0.36140567135825,-0.10619474440372
000813,4.40692519770237e-18,0.941718223699854,0.221347590425631,-0.364895741680539
000823,1.7844636204344e-18,1.24687240853623,-0.121923311071989,-1.29111183458955
000848,4.44988811906576e-20,1.17409333013302,-0.259983765363284,-0.66468825126896
000860,1.03499952918644e-18,0.932577865365995,-0.37793633824584,-0.875377506025471
000883,1.06460722741379e-18,0.870563929904702,-0.167309326378559,-0.123782125146743
000902,7.50807061778484e-19,0.85257897699295,0.257259458237053,-0.364208164173175
000909,9.63067655859384e-19,1.06475855670769,0.279162343298643,-0.950794477106786
000917,9.06190618217773e-19,1.20370434049588,0.377049929192769,-0.752840323604217
002009,1.12382217286817e-18,1.30443504194429,-0.0198857726821037,-0.525929033685871
002018,5.80036656313164e-19,0.754639336533332,1.39481961619347,0.421338096056946
002022,8.88322617310723e-19,1.15497170577882,-0.197827268038902,-0.739566978514948
002027,6.20062641154282e-19,0.711408330696791,-0.91188169037781,-1.56568511385716
002028,-2.13294638211074e-19,0.812808310861684,0.338341596888226,0.0112387028448508
002030,1.25888334195238e-18,1.240657641177,0.188224606185854,-0.936804931195948
002035,6.71599223561602e-19,0.7143983850864,-1.08558102071923,-1.21901144062465
002047,2.32984671010825e-18,1.39502577205507,-0.32254117405745,-1.01050741828327
002073,8.30183224736118e-19,0.69876518298937,0.681070282789455,-0.730235774709191
002081,4.69607113115242e-18,1.30834612827643,-0.384115495459577,-0.635370903380765
002089,-2.75334781242125e-18,1.1744168019765,0.55342157931562,-0.652827514706718
002135,7.65359571724491e-19,1.11416875058591,0.826858846473729,-0.130684306938749
002147,-6.7073663291211e-21,0.264990645409771,0.681137791803986,-0.0992023700822093
002149,9.53237177607521e-19,0.661033349711836,0.708116372726401,-0.402136546230354
002154,8.23733087103756e-19,0.867020465869498,1.26564383118526,0.308268032588486
002155,9.06988174793278e-19,0.506150054731224,0.611146859661145,0.00369717584015747
002158,2.18642306963861e-18,1.04954795442032,1.49268108832031,0.184234804927068
002184,1.13435920598925e-18,1.01666880007322,0.805270373073939,-0.705468286994282
002185,4.48732273351953e-20,0.902144232428571,-0.0514796796509078,-1.3147435811296
002187,1.13830959741166e-18,1.05404663146686,0.47830714722391,-0.042321916560463
002197,8.15829009835198e-20,1.17478972666898,0.523336033770411,-0.874402592301008
002220,3.56557810329019e-19,0.9318261067839,1.1716198381123,0.00897770612943592
002222,9.17754668146804e-19,1.1341206296513,-0.226200985650095,-1.60639220201279
002237,6.33316410343575e-19,0.585898509728281,0.456059195636029,-0.0671168904992294
002242,1.13505245888035e-18,0.917975733194298,-0.949184047173276,-1.4527008886299
002251,2.41628649840361e-19,0.718704082880958,0.873984714214437,0.0888207147236073
002253,-7.35001584724416e-19,1.14644810144552,-0.244202313858484,-2.11133830369797
002274,-1.50178036929011e-19,1.22837128576397,0.735295840747799,-0.100360317383223
002279,1.97991912020392e-19,1.19376840842689,-0.107086691029919,-1.73689076852588
002281,2.81512754668461e-19,0.973083496759632,0.69503238042113,-0.744523698310486
002301,6.97670744747308e-19,0.657405569000477,0.573705113027733,-0.028515104092432
002304,1.25682127020925e-18,1.09424243660662,-1.29666478861462,-0.83109176589951
002313,1.43239701301472e-18,0.82581098231912,0.768884540174047,-0.427969634747826
002315,-2.16601798285009e-19,1.02762705094971,0.995455173744046,-0.388364098071495
002325,1.233182418084e-18,1.18079321491274,0.531505750001395,-0.78244641326097
002344,7.24511180959783e-19,1.07040119452459,0.328805493134568,-0.444312192664466
002353,3.18226064703151e-18,1.07585635838464,1.05238351965619,0.351925108458197
002357,1.07066184689522e-18,1.08174501694477,0.541680961718679,-0.480216987969831
002374,2.26626948471451e-18,1.27874156312068,0.587357587679188,-0.709320039252211
002375,7.26503372233224e-19,1.08611130453888,0.623884084024068,-0.0605108358119072
002392,6.91633388460979e-19,1.05959799470357,1.65654372660621,0.294197986726317
002397,6.80041432961622e-19,0.884851498813798,0.571175825709209,-0.802260265681763
002398,6.61411559463084e-19,1.00610641402976,0.769041226401969,-0.0846075284042761
002402,1.41873655763248e-18,1.22058841238157,-0.398621471730618,-1.429825032349
002403,2.05123146938122e-18,0.938579304644389,0.67802292807663,0.119701791898961
002406,8.94926644667877e-19,1.196515585173,1.09634681510718,0.0598108742134024
002437,4.72475025491788e-19,0.85540589885923,0.194794697996077,-0.412985286947677
002451,-9.35761193817712e-19,1.31237562755687,0.806914189503093,0.0172490859638666
002459,-7.5950287911125e-19,1.05015350084299,2.33835077988167,1.6387244582856
002471,8.90098795708324e-19,1.00538504471494,0.418990277504114,-0.398273641356224
002489,4.21309223379562e-19,0.808325987395844,0.331133021483531,-0.0689741061661075
002498,-8.55830775266435e-20,0.781774827529775,0.186739736610609,-0.364641763121875
002506,7.74268528541916e-19,0.940739864697991,0.292322252809295,-0.425776916498073
002532,7.03532234078222e-19,1.09961503569616,1.64695229077687,0.575400449761
002592,-1.28217402861571e-19,0.861599694249001,0.214998723303343,-0.580979999676643
002603,6.68820711147445e-19,0.768109379652217,0.191654026555715,-0.232500729035329
002604,-2.97540575298784e-20,1.1393228421572,0.822530249227553,-0.119769300484241
002607,7.41869104854256e-19,1.21202822345248,0.909917774146317,-0.410170453375931
002616,4.49885762965149e-19,1.25353374371723,2.07610499151082,0.843709116735461
002644,2.99388242376805e-20,1.13252925547389,0.0707530565372592,-0.654402256195034
002653,2.94274360825351e-19,0.844499246434979,0.145396016943191,-0.943144685918218
002700,-7.05854998436013e-20,0.808452367686074,0.716551233163573,-0.240372966832178
002706,3.47305352067688e-19,0.793675135801919,0.60571225617423,-0.574577993658369
002715,1.11785161776671e-18,0.892050465447892,0.967356654525882,0.382184730123327
002741,1.6920334423139e-18,1.12569759490973,0.310940536129113,-1.02497633807307
002743,7.82886853841482e-18,1.21713581109247,0.833978112472722,-0.740273748248162
002751,1.40504268531602e-18,1.3434818861608,0.204596560987469,-1.47668670982282
002765,8.92091140610766e-19,0.922529533789387,1.26985489156979,0.174173070099945
002776,1.90259715780125e-18,0.998601237789589,0.527996763389801,-0.4752404413685
002782,9.01730814691679e-19,0.670923427573229,1.6679361831716,0.125988712154669
002783,6.93817457056508e-19,0.938728268618591,2.00812832937291,0.436986120840123
002791,-1.05094545546377e-18,1.06775917102369,1.42203242280201,-0.292927119227635
002793,4.71421977461681e-19,1.69587254432283,1.80279636610339,0.66802255348558
002800,-1.35122588948474e-19,1.38766060818727,1.78644497646189,0.0392018536526074
300006,-7.07353131100123e-19,0.854689799627956,0.333914143935801,-0.652125899394775
300174,-8.90350912540843e-19,0.332682818376923,0.431923724891805,-0.0519325796569979
300228,1.75824512267541e-18,1.31250151148361,1.11409343248411,-0.602370400201801
300270,4.86885543480516e-19,1.26581976375587,0.921841634608436,-0.787116395826412
300506,-1.25020864460703e-18,0.510677826909985,2.70033158962948,0.690454525222715
300538,-4.0218690216387e-18,1.46884422471994,1.77305843297094,-0.359743380065612
600000,1.99953559429094e-19,0.85372176216431,-0.470080888736008,0.764378388521566
600009,-1.68195259658588e-19,0.49373454967238,-0.423923791084091,-0.0137728477794509
600012,1.05504954769219e-18,0.97764466881485,1.42291044937513,1.24335829069392
600022,-1.26275472266775e-19,1.19732720669005,0.338158354747018,0.553470537172794
600023,9.8774460382991e-19,0.679853074442809,-0.577646176100461,-0.0219397823076455
600027,-8.81925602867782e-20,0.722957706239657,-0.000878437195020023,0.418692989399824
600036,1.58555101814652e-18,1.19570956041698,-0.951560786781272,0.664582605163289
600037,6.02363953817704e-19,0.969309088767437,-0.134106470493419,-0.35328256666501
600054,-3.50972682958681e-18,0.593542784767296,-0.157164370628374,-0.566850844218146
600056,-1.83051186598069e-19,0.98409152270325,-0.642232228519814,-0.61138522904843
600059,1.31642484911799e-18,1.07322235847656,-0.270265093142413,-0.684571760786334
600064,1.4506876994032e-18,1.07821517899762,0.119579881861471,0.382099015779769
600076,-1.64794676958031e-18,1.45442082585554,-0.182217073720073,-0.931955206754401
600088,1.20864570668112e-18,1.03858699555699,0.651185857990963,-0.857609806750516
600105,4.42843738228338e-19,0.997410690507168,0.0542643030706812,-0.894199884708508
600108,2.21839527441902e-18,1.01203310109216,0.694481884761785,0.252257790680827
600111,1.1427935943456e-18,1.41589917215089,-0.215014827337697,-0.38794437453134
600116,9.48128379619625e-18,0.546215075676323,0.663709842879885,-0.488114120670115
600119,-4.75131200855547e-19,1.48517093666191,1.37117584037465,0.135050261543858
600126,1.78514498264376e-18,1.43023847386839,0.417320565525981,-0.0135467769476379
600128,1.80525606697793e-18,1.28271904279141,0.930423200488684,-0.0724393465064983
600131,1.12626260194461e-18,1.4229015826027,0.491197040747,-0.281436572987126
600132,7.86267666294265e-20,0.552138215143557,-0.13424785510576,-0.756525981647821
600138,-6.92147681496196e-20,0.969303997178759,-0.143126915931848,-0.36732315078536
600141,-5.66053976721104e-19,1.82481688710739,0.801713003821227,0.555694170700321
600163,3.32081712220559e-19,0.893176281208411,0.881950650377322,0.348289003003273
600180,1.12981105583415e-18,1.17106665842041,0.18219625250645,-0.556340099082238
600184,5.67069878794171e-19,0.449448117869505,0.340077842943472,-1.04662593750199
600197,2.44518903350717e-18,1.26256635659621,-1.24480571239101,-1.97979048289893
600198,1.66995498920359e-18,1.06709239405358,-0.0341628508176017,-1.85481485894031
600199,1.00458749987337e-18,1.29364149581869,-0.573760808501636,-1.11205877645462
600207,1.0971748597858e-19,0.684860228787204,0.443005204653725,-0.24375353156652
600211,9.20771250495291e-19,0.354462872849157,0.507591819169033,-0.621344875714663
600232,1.55281704664669e-18,0.949231532203766,0.776392115658961,-0.719974002291981
600237,1.09820896460225e-18,1.21530111839823,0.853457505532846,-0.532117527475813
600238,6.87361843844674e-19,0.753365083416914,0.17196604279236,-0.804516014965421
600240,1.06219235429432e-18,0.988448703539832,0.477570376388452,0.332501190236795
600260,1.09835936855505e-18,0.775452632652581,0.571806132762573,-0.41418254889706
600266,1.12950242990753e-18,1.23596213334323,0.267004096447313,0.632412231175325
600269,6.03365101370357e-19,1.07722557644498,0.410455539833682,0.792145279259398
600272,1.92474678816376e-18,1.14241714241466,0.633675600251332,-0.607937209754715
600287,1.37765757263516e-18,1.30535297987647,0.540248664470148,-0.485775324979033
600292,1.73907956532213e-18,0.9356429621836,0.815125481414362,-0.211900893875932
600299,4.36048578759978e-19,0.760506723734587,0.266254721057094,-0.114400739563168
600300,8.26228880492251e-19,1.34827808847803,0.606953611353168,0.0738648282333512
600305,1.36497918129239e-18,0.808798491024497,-0.0356140684400305,-0.283506856560734
600309,4.64438190199167e-19,1.51783044499719,-1.37745153008673,-0.736477759309405
600326,7.805110883309e-19,1.44177163967358,1.39337501765843,1.07925421779781
600343,1.32377629419007e-18,1.23473898342512,-0.0500835578752867,-1.17294488783152
600352,5.40835045453651e-20,0.888156794904546,-0.281474257128851,0.0748931032072774
600360,1.13117504302168e-18,0.950281419787154,0.500845760627043,-0.886331322629918
600370,2.64071920101273e-18,0.917192639440846,0.685162416108757,-0.722789138336507
600377,1.33076739526613e-18,0.53866900408825,-0.0638525096095309,0.247368531880439
600385,-2.90820403774592e-19,0.994139469744756,0.928924763955843,-0.964644859161855
600391,-5.97581275301251e-19,1.07914230013004,0.513905777992848,-0.625570632754779
600395,1.53877196697378e-18,1.32896883878572,0.471687910590568,0.297240322709446
600426,9.32990190002424e-19,1.1358444624152,-0.521489138249108,-0.147944262256994
600428,1.1610278710994e-18,1.92823721226977,0.606269027083087,0.792727971869802
600433,1.57299349720166e-18,1.14313393812503,0.918838843987277,-0.0293624284794133
600452,-9.48846241214612e-20,0.524164595287217,0.766150685597557,-0.0434644637424105
600470,6.73316455741471e-19,1.26745789577134,1.07163832701057,0.057412894777906
600476,1.03113676869468e-18,0.994731501560191,1.60291492448475,0.606770999663474
600479,5.4788315910675e-19,0.875158111831333,0.0602656380851585,-0.598094555943755
600495,1.98862438674858e-18,1.52050796437503,0.249938940421022,-0.461228251993454
600501,6.29199299127552e-19,1.20803718536644,0.780160478931661,-0.337399818586166
600503,8.08252164468737e-19,1.43508872811601,0.209104975331254,-0.700742391278938
600513,1.58845629936439e-18,1.01202912411406,0.90606951247802,-0.284884818991915
600518,5.74226050477131e-19,0.431216037660747,-0.659268137936202,-0.447269383341622
600530,7.80519391134298e-19,1.12620780953603,0.424192409816621,-0.623534138338839
600560,5.32581554225217e-19,1.20967297798553,1.05971355507568,-0.307621939724525
600561,3.67534411172869e-19,1.15136638779447,1.62955550689509,0.335525399798135
600563,9.68765266323631e-19,1.36071683028999,-0.848654715891007,-1.74100235704384
600582,9.18603488378557e-19,1.22550839879968,-0.0329913034771063,-0.057526746468562
600585,1.31975740503645e-18,1.11179697702724,-0.531462554598068,0.573327330921125
600587,1.21892086762173e-18,0.740521909740116,0.578382430548357,-0.0849139978422228
600593,1.20487890337101e-18,0.811922632292806,0.821513870773651,-0.519968432489492
600594,6.05829488159468e-20,0.737274031365642,-0.123378231913029,-1.14633878924417
600597,8.60543124056416e-19,0.960510053236141,-0.504730396442449,-0.967225834202777
600598,1.43952344359563e-18,1.05116326392815,0.524166791742859,0.580311784450474
600601,-4.1894309885487e-18,1.10583196009381,0.299233060664881,-0.259630310010392
600612,8.11103924930868e-19,0.392830857922569,-0.743686460706778,-0.713337125772916
600615,7.83263424512417e-20,0.823002589217806,1.31683978672761,0.26289314248289
600616,1.14435327917356e-18,1.03665203281179,0.570168703152051,-0.319325438555474
600642,1.40516298120738e-18,0.761935377440581,0.0505386499582563,0.381976985002528
600665,7.60936372137331e-19,1.19251357438224,0.810244036481898,0.106875933297814
600667,-2.49155523788721e-19,0.961498340221402,0.540802476659292,-0.586559808570916
600677,-7.70098726925654e-19,1.12937289727945,0.571551822868933,-0.73313433455769
600685,6.80404278813759e-19,1.02265225112501,0.649840691282393,-0.163064899090482
600692,6.66752090134611e-19,1.13852241550505,1.05125507711236,0.220243464362172
600693,1.17823100181985e-19,0.791198684779949,0.460196483660118,0.223740348645474
600697,1.08746881318966e-18,1.28204844330476,0.610424506167929,0.417889010136996
600712,-1.40303570701328e-19,0.85818925705916,0.582345029142978,-0.0388564031662196
600713,1.23290185889352e-18,1.03514621918197,0.25527173669943,-0.238374299551391
600716,-1.7281897357682e-19,0.935790982630155,0.597663030495588,-0.278755455461624
600718,5.95613732161424e-19,1.27884789965419,-0.160426244727642,-0.615954582354477
600723,9.03555190960068e-19,1.16748829101514,0.760883078737487,0.134823405565209
600744,1.13415550887002e-18,1.12959188986333,0.645990727174899,-0.167263355227823
600746,1.78112262494345e-18,0.934325977007719,2.19882152609,0.401109993803933
600750,2.85602931791598e-19,0.686689868447447,-0.500871070445238,-1.14461168698396
600756,2.07130311043269e-18,1.29121207380714,0.0623301989338245,-1.56499864236161
600757,1.86127146676589e-19,1.1192728998627,0.309748463152767,-0.22557186895357
600758,-1.17072048616348e-18,1.18883930749133,-0.113355164360435,-1.37054667841768
600779,1.43408740471496e-18,1.43993537129676,-1.41566807540723,-1.4308484733349
600780,6.35941590852051e-19,0.77181234191139,-0.11741128291708,0.101231808873774
600790,1.28760853063143e-18,1.08977553872601,0.387045858664196,-0.264275326382174
600791,8.10817768563035e-20,1.61911604787561,0.431211958322856,-0.730247573527164
600802,1.3371041176468e-18,1.51252090782878,1.92238947144909,0.72820897739667
600820,7.43797911561371e-19,0.923413951147975,0.0771985238482009,0.643445827668143
600826,6.08389189370171e-19,1.06966567842375,0.549889017060793,-0.271554864927208
600828,4.49808535956927e-19,1.11699608772254,-0.0604587049171637,-1.33954006932054
600830,2.20259444625112e-18,1.49341589630273,1.07334267837797,0.134078838076063
600836,1.88008704749053e-18,1.24414000007465,1.05478473790106,0.136681668322486
600837,7.46465634247762e-19,0.73134767225956,-0.384298527098694,0.253306443451699
600851,9.81602732337968e-19,0.573571910908688,0.525825260785515,-0.402985935222986
600858,5.14123394661416e-19,1.21267859954985,0.968499648196707,0.475929353760706
600861,1.10813476884388e-18,1.1397622917349,0.719610581255296,0.0236685260133744
600862,9.90857671518889e-19,1.07467131589476,0.400833212622297,-0.676789221334916
600863,1.48592817623369e-20,0.88482572933889,0.0106776219840991,0.0176621809292623
600865,1.17103255292285e-18,1.0486510305706,0.948528275134427,-0.237498959009361
600879,5.98422272475092e-20,1.06893150208188,0.013874839432614,-1.02099364170424
600881,5.67143850088735e-19,1.47385861910185,0.254567140308821,0.232699678303018
600883,9.84468991697729e-19,1.2052759253735,1.37077016379054,-0.133675025366256
600891,6.9119151784826e-19,0.643937758609713,0.105120923833418,-0.581172748870098
600917,-1.17912335788201e-18,1.18137723634894,1.0305701329477,-0.188468898091832
600936,1.09821516275628e-18,1.37057564325786,0.758687304859886,-0.297880560378989
600984,8.11022893786334e-19,1.41294716700003,1.11448583496868,-0.176972898028593
600992,6.49464075978546e-19,0.742991590138141,0.294520504835035,-0.160672558926883
600993,2.2811593440608e-18,1.35127105718966,-0.648540612298314,-1.12322335504487
600997,-5.73568089113069e-19,1.32209934275956,1.01365315415705,1.08963326903191
600999,1.66804100371592e-18,1.3110117393041,-0.498519907716977,0.373803925457635
601008,1.19076496338323e-18,1.24225524309863,1.70986178858633,1.07545749167434
601098,6.70197293949222e-19,0.671939351344016,-0.438668151142112,-0.329960453579593
601117,1.64683916116016e-18,1.52602180406858,-0.316924405129444,0.15923615209272
601139,8.68418139573844e-20,0.636228522268934,0.450883261966003,0.443230920425609
601158,1.65659531470686e-18,0.710201391570615,0.24382259047906,0.308422466151604
601166,7.25827794383709e-19,0.73623138829317,-0.403615078576294,0.675857742486918
601198,1.15104265582482e-18,1.28008782163616,-0.149153124133837,0.49341072289018
601208,3.65724156033514e-19,0.960517534259546,0.801696798042491,-0.072733175541951
601222,-2.36636129451396e-19,0.801302626113639,0.336447349591459,-0.417459338528657
601225,1.53448756316478e-18,1.61941376225137,0.566265782490459,1.45001571082295
601226,7.00785597494568e-19,1.18316016413906,0.612958419956037,-0.0938588646838888
601231,1.77020888392216e-18,0.982896069278096,-0.882477403991867,-1.75670740776699
601318,-5.47085557786967e-20,1.09639655755802,-0.828109201793688,0.594987754353434
601328,1.18728912660947e-18,0.693813988973576,-0.256093915582266,0.944964837668997
601336,-5.27842649396401e-21,1.32262364128671,-0.77697382761426,1.15665867833931
601369,7.93422334428196e-19,0.966698455139304,0.266308880723685,-0.404517236105632
601390,2.2017834214246e-18,1.34795151058421,-0.405156149656222,0.488099925022582
601579,4.41706497755759e-19,0.895348195580124,0.475795314431525,0.016705935661831
601599,2.62207478476175e-18,0.89443968203065,0.147957534482042,-1.26828077666608
601601,8.54032387816759e-19,1.09941938038844,-0.985495260622578,0.37693735915467
601616,1.1446556495581e-18,1.03093086946063,0.751303099201642,-0.229409125115744
601666,2.080693766579e-19,1.59769555908123,-0.324279772776566,-0.0751700165155729
601668,1.83228313305592e-18,1.73182471982048,-0.781275410079151,0.469717226621581
601689,1.00228393573417e-18,0.908499874714678,-0.278083124272636,-0.552361488516874
601766,7.28878455736647e-19,1.17728067788908,-0.766419328208461,-0.125694974219645
601799,6.6515316534748e-19,0.550463155083323,-0.0802702708524227,-0.703612421251726
601877,1.94788712027178e-18,1.25175132021965,-0.492375720782916,-0.507284945518636
601958,1.20512847523529e-18,1.38488417215163,0.694857534217805,0.443340729975136
601969,1.43544357317105e-18,1.29956432547982,0.965090840254484,0.820122253133724
601985,4.0990708061743e-19,0.781218414654231,-0.357321326281402,0.0396114346623979
603006,-5.89912721534492e-19,0.509481085863488,0.531004463049224,-1.29035807128898
603015,7.02963741057766e-19,1.24397621469115,1.09826067771431,-0.297719634118983
603020,5.66024612578177e-19,0.867920779732941,0.789716217890307,-0.301228152335297
603022,2.20938256582329e-18,1.19555384890216,2.12835422368752,0.59991718309653
603088,1.57941433639412e-18,0.969593831215259,0.922056375047508,0.256070998326126
603123,2.59232729998565e-18,1.17329672682568,0.838593693844159,0.13653037888209
603355,9.0204156023713e-19,1.19707216242836,-0.283328211238941,-0.438594880379295
603377,7.39835634214182e-19,0.606898955768113,0.310020879502409,-0.0308022817042868
603568,1.13147066785021e-18,1.28672035355658,0.611197725989757,-0.297175500806332
603606,7.58210361446839e-19,0.973472800309393,0.764298049239339,-0.175992434035213
603609,-1.84557626970981e-18,0.96721925643095,0.906218257239984,0.378313754060665
603669,6.17641834210954e-19,0.843311252972392,0.849462226082027,-0.532559371245645
603688,6.37741677443115e-19,0.80900423973362,1.50262604302588,0.246996285883484
603699,7.30280136275818e-19,0.750143964715647,0.583918206228296,-0.0824435298723361
603718,-8.46391375720706e-20,0.655251088890469,0.189177881896817,-0.470317574968813
603737,-7.7618292761468e-19,1.01035719839667,0.401862863104321,-0.549056981677931
603789,1.0418731364548e-18,0.817370068462187,1.13352909140576,0.785201586487712
603799,1.37887071571274e-18,1.54758888014547,-0.0971535014179188,-1.51130691489601
603869,5.41625062561966e-19,1.24440689603616,0.731108467184569,-0.276744206851281
603968,9.40989547092723e-19,0.970453066934292,0.680889328474985,-0.0693131099256835
603979,8.62081500202053e-19,1.03612589914563,0.413529128673945,0.0577944691445194
603998,2.65547235871245e-19,0.710158148789858,0.896543987423318,-0.19401848543905
